doctor_name,Speciality,Ratings,Location,timing,Availability
Dr. Ananya Desai,Infectious Diseases,4.6,Mumbai,09:00 - 5:00,"Monday, Friday"
Dr. Rohan Patel,Endocrinology,3.6,Delhi,10:00 - 12:00,"Monday, Wednesday"
Dr. Sneha Singh,Allergy and Immunology,4.5,Bangalore,14:00 - 18:00,"Tuesday, Thursday"
Dr. Akash Sharma,Neurology,4.5,Kolkata,09:00 - 10:30,"Wednesday, Friday"
Dr. Pooja Reddy,Cardiology,3.2,Chennai,11:45 - 15:45,"Monday,Tuesday"
Dr. Aryan Kapoor,Pulmonology,4.2,Hyderabad,17:20 - 20:40,"Tuesday, Wednesday"
Dr. Kavita Mehta,Gastroenterology,4.1,Pune,21:15 - 24:00,"Wednesday, Thursday"
Dr. Vikram Choudhary,Rheumatology,4.5,Ahmedabad,09:00 - 10:45,"Monday, Thursday"
Dr. Neha Gupta,Oncology,4,Jaipur,09:15 - 11:45,"Tuesday, Thursday"
Dr. Rahul Malhotra,Nephrology,3.8,Surat,09:45 - 12:15,"Friday, Tuesday"
Dr. Nisha Shah,Urology,4,Lucknow,10:15 - 12:45,"Thursday, Friday"
Dr. Arjun Kumar,Dermatology,3.6,Kanpur,10:30 - 13:00,"Tuesday, Thursday"
Dr. Priya Joshi,Psychiatry/Psychology,4.8,Nagpur,10:45 - 13:45,"Wednesday, Friday"
Dr. Siddharth Trivedi,Ophthalmology,3.9,Visakhapatnam,11:15 - 14:15,"Monday,Tuesday"
Dr. Shreya Banerjee,Gynecology/Obstetrics,4,Indore,11:45 - 14:15,"Tuesday, Wednesday"
Dr. Aditya Sharma,Orthopedics,5,Thane,12:15 - 15:45,"Monday, Wednesday"
Dr. Anjali Verma,Hematology,4.6,Bhopal,12:45 - 15:15,"Tuesday, Thursday"
Dr. Rajat Singh,Andrology,4,Patna,13:15 - 16:45,"Monday, Thursday"
Dr. Meera Krishnan,Gynecological Oncology,4.7,Vadodara,13:45 - 16:45,"Tuesday, Thursday"
Dr. Karan Khanna,Gastrointestinal Surgery,4,Ghaziabad,14:15 - 17:15,"Friday, Tuesday"
Dr. Swati Chatterjee,ENT Specialist,3.1,Ludhiana,14:45 - 17:45,"Thursday, Friday"
Dr. Varun Mehra,General Practitioner/Family Medicine Physician,4.2,Agra,15:15 - 17:45,"Wednesday, Friday"
Dr. Ritu Ahuja,Acupuncturist,4.1,Nashik,15:45 - 18:15,"Monday,Tuesday"
Dr. Tarun Das,Physiatrist,3.2,Faridabad,16:15 - 19:45,"Tuesday, Wednesday"
Dr. Devika Nair,Chiropractor,4.5,Meerut,16:45 - 19:15,"Wednesday, Thursday"
Dr. Abhishek Rao,Pain Management Specialist,3.2,Mumbai,17:15 - 20:15,"Friday, Tuesday"
Dr. Tanvi Mishra,Allergist,4.5,Delhi,17:45 - 20:45,"Thursday, Friday"
Dr. Arnav Gupta,Dermatologist,4.7,Bangalore,18:15 - 20:45,"Tuesday, Thursday"
Dr. Anushka Singh,Pediatric Dermatologist,3.7,Kolkata,18:45 - 21:45,"Wednesday, Friday"
Dr. Harshita Jain,Rheumatologist,3.4,Chennai,19:15 - 21:45,"Monday,Tuesday"
Dr. Yash Kapoor,Physician Assistant,4.2,Hyderabad,19:45 - 22:45,"Tuesday, Wednesday"
Dr. Akanksha Sharma,Family Nurse Practitioner,4.3,Pune,20:15 - 23:15,"Monday, Wednesday"
Dr. Rajeev Reddy,Family Physician,3.4,Ahmedabad,20:45 - 23:15,"Tuesday, Thursday"
Dr. Anika Verma,Internist,4.9,Surat,21:15 - 23:45,"Monday, Thursday"
Dr. Siddharth Mehra,Surgeon,3.1,Jaipur,21:45 - 24:00,"Tuesday, Thursday"
Dr. Priyanka Chaudhary,"Ear, Nose & Throat Doctor",3.5,Lucknow,22:15 - 24:00,"Monday, Friday"
Dr. Rohit Kumar,Pulmonologist,3.4,Kanpur,22:45 - 24:00,"Monday, Wednesday"
Dr. Anjali Saxena,Adult Nurse Practitioner,3.7,Nagpur,09:00 - 11:15,"Tuesday, Thursday"
Dr. Vishal Patel,Nurse Practitioner,4.5,Visakhapatnam,09:30 - 11:30,"Wednesday, Friday"
Dr. Kritika Sharma,Facial Plastic & Reconstructive Surgeon,4.8,Indore,10:00 - 12:15,"Monday,Tuesday"
Dr. Aditi Gupta,Sinus Surgeon / Rhinologist,3.4,Thane,10:15 - 12:30,"Tuesday, Wednesday"
Dr. Mohit Singh,Primary Care Doctor,4.1,Bhopal,10:45 - 13:15,"Tuesday, Thursday"
Dr. Shivani Desai,Addiction Specialist,4.7,Patna,11:15 - 13:15,"Wednesday, Friday"
Dr. Aman Verma,Audiologist,4.5,Vadodara,11:30 - 13:45,"Monday,Tuesday"
Dr. Natasha Chawla,Pediatric Otolaryngologist,3.5,Ghaziabad,12:00 - 14:15,"Tuesday, Wednesday"
Dr. Prateek Kapoor,Infectious Disease Specialist,4.9,Ludhiana,12:30 - 14:45,"Tuesday, Thursday"
Dr. Shweta Reddy,Urgent Care Specialist,4.2,Agra,13:00 - 15:15,"Monday, Thursday"
Dr. Rohan Mehta,Head & Neck Surgeon,4.1,Nashik,13:30 - 15:45,"Tuesday, Thursday"
Dr. Divya Sinha,Pediatrician,3.7,Faridabad,14:00 - 16:30,"Friday, Tuesday"
Dr. Sameer Joshi,Cardiologist,3.8,Meerut,14:30 - 16:30,"Thursday, Friday"
Dr. Ananya Sharma,Interventional Cardiologist,4.6,Rajkot,15:00 - 17:30,"Wednesday, Friday"
Dr. Kartik Patel,Pediatric Cardiologist,4.8,Varanasi,15:30 - 17:30,"Monday,Tuesday"
Dr. Nandini Kapoor,Nephrologist,4.2,Srinagar,16:00 - 18:30,"Tuesday, Wednesday"
Dr. Sahil Choudhary,Dentist,3,Aurangabad,16:30 - 18:30,"Wednesday, Thursday"
Dr. Riya Singh,Dietitian,4.4,Dhanbad,17:00 - 19:30,"Friday, Tuesday"
Dr. Anand Gupta,Psychiatrist,4,Amritsar,17:30 - 19:30,"Monday,Tuesday"
Dr. Ishita Mehra,Nutritionist,3.9,Navi Mumbai,18:00 - 20:30,"Tuesday, Wednesday"
Dr. Karan Khurana,Endocrinologist,5,Allahabad,18:30 - 20:30,"Wednesday, Thursday"
Dr. Natasha Singh,Family Psychiatric & Mental Health Nurse Practitioner,3.6,Ranchi,19:00 - 21:30,"Friday, Tuesday"
Dr. Ravi Verma,Bariatric Surgeon,4.2,Howrah,19:30 - 21:30,"Thursday, Friday"
Dr. Ayesha Khan,Child and Adolescent Psychiatrist,3.8,Jabalpur,20:00 - 22:30,"Tuesday, Thursday"
Dr. Arjun Chatterjee,Gastroenterologist,4.3,Gwalior,20:30 - 22:30,"Wednesday, Friday"
Dr. Anjali Sharma,OB-GYN,3,Vijayawada,21:00 - 23:00,"Tuesday, Thursday"
Dr. Manish Kumar,Neurologist,4.1,Jodhpur,21:30 - 23:00,"Monday, Friday"
Dr. Ritika Jain,Psychosomatic Medicine Specialist,4.2,Raipur,22:00 - 24:00,"Monday, Wednesday"
Dr. Rohit Shah,Forensic Psychiatrist,3.8,Kota,22:30 - 24:00,"Tuesday, Thursday"
Dr. Aarti Sharma,Neuro-Otologist,4.5,Guwahati,23:00 - 24:00,"Wednesday, Friday"
Dr. Aditya Patel,Emergency Medicine Physician,3.6,Chandigarh,09:00 - 11:30,"Monday,Tuesday"
Dr. Niharika Reddy,Pediatric Emergency Medicine Specialist,3.2,Solapur,09:30 - 11:30,"Monday,Tuesday"
Dr. Deepak Mehra,Nuclear Medicine Specialist,4.2,Hubballi-Dharwad,10:00 - 11:30,"Tuesday, Wednesday"
Dr. Sonali Desai,Endodontist,3.9,Bareilly,10:15 - 11:45,"Wednesday, Thursday"
Dr. Rohan Verma,Periodontist,3.6,Moradabad,10:30 - 12:30,"Friday, Tuesday"
Dr. Preeti Singh,Prosthodontist,3.6,Mysore,10:45 - 12:45,"Monday,Tuesday"
Dr. Rishabh Kapoor,Pediatric Dentist,3.3,Gurgaon,11:15 - 13:15,"Tuesday, Wednesday"
Dr. Akanksha Mehra,Optometrist,4.6,Aligarh,11:45 - 13:45,"Monday, Thursday"
Dr. Rohit Desai,Cornea & External Diseases Specialist,3.8,Jalandhar,12:15 - 14:45,"Tuesday, Thursday"
Dr. Neha Gupta,Refractive Surgeon,4.2,Tiruchirappalli,12:45 - 14:15,"Friday, Tuesday"
Dr. Ankit Sharma,Oculoplastic Surgeon,3.3,Bhubaneswar,13:15 - 15:45,"Thursday, Friday"
Dr. Shivani Singh,Pediatric / Strabismus Eye Doctor,4.5,Salem,13:45 - 15:15,"Tuesday, Thursday"
Dr. Siddharth Patel,Retina Specialist (Medical),4,Warangal,14:15 - 16:45,"Wednesday, Friday"
Dr. Anushka Reddy,Neuro-Ophthalmologist,5,Cuttack,14:45 - 16:45,"Monday,Tuesday"
Dr. Pranav Choudhary,Glaucoma Specialist,3.2,Ajmer,15:15 - 17:15,"Tuesday, Wednesday"
Dr. Riya Mehra,Adult Psychiatric & Mental Health Nurse Practitioner,3.4,Bhavnagar,15:45 - 18:15,"Monday,Tuesday"
Dr. Nikhil Kapoor,Women's Health Nurse Practitioner,4.6,Bhiwandi,16:15 - 18:45,"Tuesday, Wednesday"
Dr. Sanya Singh,Hand Surgeon,3.5,Saharanpur,16:45 - 18:45,"Wednesday, Thursday"
Dr. Aditi Mehta,Orthopedic Surgeon,3.7,Gorakhpur,17:15 - 19:15,"Friday, Tuesday"
Dr. Rohit Verma,Spine Specialist,5,Bikaner,17:45 - 20:45,"Thursday, Friday"
Dr. Kavya Patel,Occupational Therapist,3.6,Amravati,18:15 - 20:45,"Tuesday, Thursday"
Dr. Vikas Gupta,Physical Therapist,3.1,Noida,18:45 - 21:45,"Monday, Wednesday"
Dr. Natasha Sharma,Sports Medicine Specialist,3.4,Jamshedpur,19:15 - 21:45,"Tuesday, Thursday"
Dr. Rahul Singh,Hematologist,4.6,Bhilai,19:45 - 22:45,"Wednesday, Friday"
Dr. Naina Kapoor,Oncologist,4,Cuttack,20:15 - 22:45,"Monday,Tuesday"
Dr. Abhay Chatterjee,Diagnostic Radiologist,4.8,Kochi,20:45 - 23:15,"Tuesday, Wednesday"
Dr. Anjali Mehra,Pediatric Nurse Practitioner,3.7,Thiruvananthapuram,21:15 - 23:15,"Wednesday, Thursday"
Dr. Akash Gupta,Psychologist,3.1,Durgapur,21:45 - 24:00,"Wednesday, Friday"
Dr. Shruti Singh,Reproductive Endocrinologist,5,Asansol,22:15 - 24:00,"Monday,Tuesday"
Dr. Aman Kapoor,Gynecologist,3.5,Nanded,22:45 - 24:00,"Monday,Tuesday"
Dr. Priyanka Patel,Urological Surgeon,3.1,Kolhapur,09:00 - 11:15,"Tuesday, Wednesday"
Dr. Rohan Reddy,Urologist,3.9,Dehradun,09:15 - 11:45,"Wednesday, Thursday"
Dr. Sneha Sharma,Neurosurgeon,4.4,Gulbarga,09:45 - 12:15,"Friday, Tuesday"
Dr. Karthik Patel,Sleep Medicine Specialist,4.8,Jamnagar,10:15 - 12:45,"Monday,Tuesday"
Dr. Aishwarya Singh,Midwife,4.5,Ujjain,10:30 - 13:00,"Tuesday, Wednesday"
Dr. Sameer Mehta,Radiation Oncologist,3.8,Siliguri,10:45 - 13:45,"Monday, Thursday"
Dr. Tanvi Verma,Oral Surgeon,3.7,Jhansi,11:15 - 14:15,"Tuesday, Thursday"
Dr. Arjun Mehra,Orthodontist,4.4,Durg-Bhilai Nagar,11:45 - 14:15,"Friday, Tuesday"
Dr. Ananya Singh,Pediatric Sports Medicine Specialist,3.1,Tirupur,12:15 - 15:45,"Thursday, Friday"
Dr. Rahul Desai,Geriatrician,4.9,Guntur,12:45 - 15:15,"Wednesday, Friday"
Dr. Kritika Kapoor,Plastic Surgeon,4.6,Gorakhpur,13:15 - 16:45,"Monday,Tuesday"
Dr. Rohit Sharma,Laryngologist,3.8,Saharanpur,13:45 - 16:45,"Tuesday, Wednesday"
Dr. Anjali Patel,Podiatrist,3.3,Bhatpara,14:15 - 17:15,"Wednesday, Thursday"
Dr. Aditya Singh,Foot & Ankle Specialist,3.3,Bhilwara,14:45 - 17:45,"Friday, Tuesday"
Dr. Nisha Mehra,Psychotherapist,3.1,Kakinada,15:15 - 17:45,"Thursday, Friday"
Dr. Vikrant Sharma,Pulmonary Diseases and Critical Care Medicine Specialist,3.5,Davanagere,15:45 - 18:15,"Tuesday, Thursday"
Dr. Priya Chatterjee,Pediatric Orthopedic Surgeon,3.5,Kozhikode,16:15 - 19:45,"Wednesday, Friday"
Dr. Arjun Verma,Hand & Microsurgery Specialist,4.3,Maheshtala,16:45 - 19:15,"Monday,Tuesday"
Dr. Shruti Reddy,Hip and Knee Surgeon,4.2,Rajpur Sonarpur,17:15 - 20:15,"Wednesday, Friday"
Dr. Karan Kapoor,Anesthesiologist,4.5,Rajahmundry,17:45 - 20:45,"Monday,Tuesday"
Dr. Pooja Sharma,Radiologist,3.9,Bokaro Steel City,18:15 - 20:45,"Tuesday, Wednesday"
Dr. Rohan Choudhary,Shoulder & Elbow Surgeon,4.9,South Dumdum,18:45 - 21:45,"Wednesday, Thursday"
Dr. Shivani Verma,Clinical Neurophysiologist,3.4,Bellary,19:15 - 21:45,"Monday, Thursday"
Dr. Sahil Singh,Colorectal Surgeon,4.8,Patiala,19:45 - 22:45,"Tuesday, Thursday"
Dr. Anushka Mehra,Vascular Surgeon,4.7,Gopalpur,20:15 - 23:15,"Friday, Tuesday"
Dr. Nikhil Chatterjee,Travel Medicine Specialist,4.3,Agartala,20:45 - 23:15,"Thursday, Friday"
Dr. Nandini Singh,Endocrinologist,4.8,Muzaffarnagar,21:15 - 23:45,"Tuesday, Thursday"
Dr. Rohit Mehta,Endocrinology,3.7,Latur,21:45 - 24:00,"Wednesday, Friday"
Dr. Aarti Kapoor,Pain Management Specialist,3.9,Hyderabad,22:15 - 24:00,"Monday,Tuesday"
Dr. Aditya Verma,Audiologist,4.9,Pune,22:45 - 24:00,"Tuesday, Wednesday"
Dr. Natasha Mehra,Oncology,3.7,Ahmedabad,09:00 - 11:30,"Tuesday, Thursday"
Dr. Ravi Singh,Neurosurgeon,3.3,Jaipur,09:30 - 11:30,"Monday, Thursday"
Dr. Ishita Choudhary,Facial Plastic & Reconstructive Surgeon,4.2,Surat,10:00 - 12:15,"Tuesday, Thursday"
Dr. Kartik Mehra,Oral Surgeon,4.3,Lucknow,10:15 - 12:30,"Friday, Tuesday"
Dr. Tanvi Singh,Psychiatry/Psychology,3,Kanpur,10:45 - 13:15,"Thursday, Friday"
Dr. Arjun Sharma,Adult Psychiatric & Mental Health Nurse Practitioner,3.3,Ahmedabad,11:15 - 13:15,"Wednesday, Friday"
Dr. Ananya Mehra,Refractive Surgeon,3.4,Surat,11:30 - 13:45,"Monday,Tuesday"
Dr. Rahul Choudhary,Head & Neck Surgeon,4.3,Jaipur,12:00 - 14:15,"Tuesday, Wednesday"
Dr. Kritika Mehra,Pulmonary Diseases and Critical Care Medicine Specialist,3.3,Lucknow,12:30 - 14:45,"Wednesday, Friday"
Dr. Rishabh Chatterjee,Neurosurgeon,3.4,Kanpur,13:00 - 15:15,"Monday,Tuesday"
Dr. Sneha Mehra,Glaucoma Specialist,4.9,Nagpur,13:30 - 15:45,"Monday,Tuesday"
Dr. Rohan Sharma,Dermatologist,5,Visakhapatnam,14:00 - 16:30,"Tuesday, Wednesday"
Dr. Priyanka Mehra,Pediatrician,3.5,Indore,14:30 - 16:30,"Wednesday, Thursday"
Dr. Aman Chatterjee,Anesthesiologist,3.5,Thane,15:00 - 17:30,"Friday, Tuesday"
Dr. Anjali Singh,General Practitioner/Family Medicine Physician,3.4,Ludhiana,15:30 - 17:30,"Monday,Tuesday"
Dr. Aditya Mehra,Periodontist,4.6,Vijayawada,16:00 - 18:30,"Tuesday, Wednesday"
Dr. Shivani Singh,Diagnostic Radiologist,3.9,Kanpur,16:30 - 18:30,"Monday, Thursday"
Dr. Akash Mehra,Endodontist,3.5,Amritsar,17:00 - 19:30,"Tuesday, Thursday"
Dr. Ananya Choudhary,Pediatric Otolaryngologist,3.7,Dehradun,17:30 - 19:30,"Friday, Tuesday"
Dr. Rohit Singh,Orthopedic Surgeon,4.4,Guwahati,18:00 - 20:30,"Thursday, Friday"
Dr. Naina Mehra,Colorectal Surgeon,4.7,Raipur,18:30 - 20:30,"Wednesday, Friday"
Dr. Karan Choudhary,Psychotherapist,4.1,Varanasi,19:00 - 21:30,"Monday,Tuesday"
Dr. Pooja Singh,Allergist,3.1,Bhubaneswar,19:30 - 21:30,"Tuesday, Wednesday"
Dr. Sahil Mehra,Psychotherapist,3.4,Jabalpur,20:00 - 22:30,"Wednesday, Thursday"
Dr. Aishwarya Chatterjee,Pediatrician,4.8,Jodhpur,20:30 - 22:30,"Tuesday, Wednesday"
Dr. Sameer Mehra,Prosthodontist,4.5,Mumbai,21:00 - 23:00,"Wednesday, Thursday"
Dr. Tanvi Mehra,Oncologist,3.4,Delhi,21:30 - 23:00,"Friday, Tuesday"
Dr. Aditya Chatterjee,Cardiologist,4,Bangalore,22:00 - 24:00,"Thursday, Friday"
Dr. Riya Mehra,Optometrist,4.1,Kolkata,22:30 - 24:00,"Tuesday, Thursday"
Dr. Karthik Choudhary,Hand Surgeon,3.1,Chennai,23:00 - 24:00,"Wednesday, Friday"
Dr. Sneha Chatterjee,Emergency Medicine Physician,3.9,Hyderabad,09:00 - 11:15,"Monday,Tuesday"
Dr. Rohan Mehra,Laryngologist,3.3,Pune,09:30 - 11:30,"Tuesday, Wednesday"
Dr. Kritika Choudhary,Diagnostic Radiologist,3.5,Ahmedabad,10:00 - 11:30,"Monday, Wednesday"
Dr. Rohit Chatterjee,Facial Plastic & Reconstructive Surgeon,3.5,Lucknow,10:15 - 11:45,"Tuesday, Thursday"
Dr. Shivani Mehra,Gastroenterologist,4.9,Kanpur,10:30 - 12:30,"Monday, Thursday"
Dr. Sahil Choudhary,Periodontist,3.9,Nagpur,10:45 - 12:45,"Tuesday, Thursday"
Dr. Ananya Chatterjee,OB-GYN,4.2,Visakhapatnam,11:15 - 13:15,"Monday, Friday"
Dr. Aditya Mehra,Pediatric Orthopedic Surgeon,3.1,Indore,11:45 - 13:45,"Monday, Wednesday"
Dr. Tanvi Mehra,Shoulder & Elbow Surgeon,3.5,Thane,12:15 - 14:45,"Tuesday, Thursday"
Dr. Sanjay Kumar,Pediatric Dentist,4.9,Bhopal,12:45 - 14:15,"Monday,Tuesday"
Dr. Neha Sharma,Emergency Medicine Physician,3,Patna,13:15 - 15:45,"Monday,Tuesday"
Dr. Arvind Patel,Oculoplastic Surgeon,4.4,Vadodara,13:45 - 15:15,"Tuesday, Wednesday"
Dr. Priya Gupta,Psychotherapist,4,Ghaziabad,14:15 - 16:45,"Wednesday, Thursday"
Dr. Rahul Singhania,Shoulder & Elbow Surgeon,3.8,Ludhiana,14:45 - 16:45,"Friday, Tuesday"
Dr. Sneha Verma,Neurosurgeon,4,Agra,15:15 - 17:15,"Monday,Tuesday"
Dr. Vikram Khanna,Gynecologist,3.9,Nashik,15:45 - 18:15,"Tuesday, Wednesday"
Dr. Anjali Kapoor,Emergency Medicine Physician,3.3,Faridabad,16:15 - 18:45,"Monday, Thursday"
Dr. Rohit Malhotra,Oral Surgeon,3.9,Meerut,16:45 - 18:45,"Tuesday, Thursday"
Dr. Nisha Desai,Spine Specialist,3.8,Mumbai,17:15 - 19:15,"Friday, Tuesday"
Dr. Rajesh Gupta,Pediatrician,4.4,Delhi,17:45 - 20:45,"Thursday, Friday"
Dr. Aarti Sharma,Gastroenterologist,3.1,Bangalore,18:15 - 20:45,"Tuesday, Thursday"
Dr. Aniket Reddy,Endocrinologist,4.4,Kolkata,18:45 - 21:45,"Wednesday, Friday"
Dr. Kavya Bansal,Oculoplastic Surgeon,3.2,Chennai,19:15 - 21:45,"Monday,Tuesday"
Dr. Manoj Joshi,Midwife,4.3,Kakinada,19:45 - 22:45,"Tuesday, Wednesday"
Dr. Shreya Singh,Hand & Microsurgery Specialist,4.3,Davanagere,20:15 - 22:45,"Monday,Tuesday"
Dr. Ajay Mishra,Orthodontist,3.8,Kozhikode,20:45 - 23:15,"Tuesday, Wednesday"
Dr. Tanvi Chawla,Oncologist,4.5,Maheshtala,21:15 - 23:15,"Wednesday, Thursday"
Dr. Arjun Kumar,Oculoplastic Surgeon,4.3,Rajpur Sonarpur,21:45 - 24:00,"Friday, Tuesday"
Dr. Preeti Sharma,Hand Surgeon,3.7,Rajahmundry,22:15 - 24:00,"Tuesday, Thursday"
Dr. Vivek Sharma,Pediatric Dentist,4.3,Bokaro Steel City,22:45 - 24:00,"Wednesday, Friday"
Dr. Ritu Jain,Anesthesiologist,3.5,South Dumdum,12:30 - 14:45,"Monday,Tuesday"
Dr. Aditya Mehra,Colorectal Surgeon,4,Bellary,13:00 - 15:15,"Tuesday, Wednesday"
Dr. Meera Patel,Plastic Surgeon,3,Patiala,13:30 - 15:45,"Wednesday, Thursday"
Dr. Rohan Verma,Oculoplastic Surgeon,3.3,Gopalpur,14:00 - 16:30,"Monday, Thursday"
Dr. Nandini Choudhary,Plastic Surgeon,4.1,Agartala,14:30 - 16:30,"Tuesday, Thursday"
Dr. Akash Kumar,Refractive Surgeon,4.9,Muzaffarnagar,15:00 - 17:30,"Friday, Tuesday"
Dr. Ananya Singh,Anesthesiologist,3.6,Latur,15:30 - 17:30,"Thursday, Friday"
Dr. Sahil Gupta,Pediatric Orthopedic Surgeon,3.3,Hyderabad,16:00 - 18:30,"Tuesday, Thursday"
Dr. Priyanka Mehra,Colorectal Surgeon,4.7,Pune,16:30 - 18:30,"Wednesday, Friday"
Dr. Ankit Sharma,Cardiologist,4.7,Ahmedabad,17:00 - 19:30,"Monday,Tuesday"
Dr. Kritika Kapoor,Neurosurgeon,3.4,Jaipur,17:30 - 19:30,"Tuesday, Wednesday"
Dr. Mohan Singh,Diagnostic Radiologist,3.5,Surat,18:00 - 20:30,"Monday, Wednesday"
Dr. Anushka Chatterjee,Plastic Surgeon,3.1,Surat,18:30 - 20:30,"Tuesday, Thursday"
Dr. Sameer Kumar,Hand Surgeon,3.6,Lucknow,19:00 - 21:30,"Tuesday, Thursday"
Dr. Riya Khanna,Endocrinologist,3.1,Kanpur,19:30 - 21:30,"Friday, Tuesday"
Dr. Vikrant Singh,Clinical Neurophysiologist,4.8,Nagpur,20:00 - 22:30,"Thursday, Friday"
Dr. Sneha Mehra,Hematologist,3.3,Visakhapatnam,20:30 - 22:30,"Tuesday, Thursday"
Dr. Arjun Gupta,Psychotherapist,4.5,Indore,21:00 - 23:00,"Wednesday, Friday"
Dr. Natasha Kapoor,Facial Plastic & Reconstructive Surgeon,3.7,Thane,21:30 - 23:00,"Monday,Tuesday"
Dr. Ravi Sharma,Diagnostic Radiologist,4.7,Bhopal,22:00 - 24:00,"Tuesday, Wednesday"
Dr. Aditi Reddy,Shoulder & Elbow Surgeon,3.7,Ujjain,09:00 - 5:00,"Monday,Tuesday"
Dr. Deepak Patel,Psychotherapist,3.6,Siliguri,10:00 - 12:00,"Tuesday, Wednesday"
Dr. Shruti Gupta,Pediatric Otolaryngologist,4.4,Jhansi,14:00 - 18:00,"Wednesday, Thursday"
Dr. Karan Singh,Hand Surgeon,4.5,Durg-Bhilai Nagar,09:00 - 10:30,"Friday, Tuesday"
Dr. Naina Sharma,Neurosurgeon,3.7,Tirupur,11:45 - 15:45,"Thursday, Friday"
Dr. Rajat Verma,Neurosurgeon,3.5,Guntur,17:20 - 20:40,"Tuesday, Thursday"
Dr. Ishita Singh,OB-GYN,3.9,Gorakhpur,21:15 - 24:00,"Monday, Wednesday"
Dr. Akshay Khurana,Cardiologist,3.7,Saharanpur,09:00 - 10:45,"Tuesday, Thursday"
Dr. Ayesha Choudhary,Oncologist,3.4,Bhatpara,09:15 - 11:45,"Wednesday, Friday"
Dr. Rohit Mehra,Neurosurgeon,5,Bhilwara,09:45 - 12:15,"Monday,Tuesday"
Dr. Swati Bansal,Refractive Surgeon,3.9,Kakinada,10:15 - 12:45,"Tuesday, Wednesday"
Dr. Vikas Reddy,Neurosurgeon,3.4,Davanagere,10:30 - 13:00,"Wednesday, Thursday"
Dr. Anjali Malhotra,Laryngologist,4.9,Kozhikode,10:45 - 13:45,"Wednesday, Friday"
Dr. Abhishek Kumar,Urological Surgeon,4.7,Maheshtala,11:15 - 14:15,"Monday,Tuesday"
Dr. Priya Khanna,Optometrist,3.1,Delhi,11:45 - 14:15,"Monday,Tuesday"
Dr. Surya Gupta,Oral Surgeon,3.6,Bangalore,12:15 - 15:45,"Tuesday, Wednesday"
Dr. Ritu Patel,Diagnostic Radiologist,4.2,Kolkata,13:30 - 15:45,"Wednesday, Thursday"
Dr. Aniket Singh,Vascular Surgeon,3.5,Chennai,14:00 - 16:30,"Friday, Tuesday"
Dr. Neha Kapoor,Psychotherapist,4.1,Hyderabad,14:30 - 16:30,"Monday,Tuesday"
Dr. Rohan Sharma,Hand & Microsurgery Specialist,4.7,Pune,15:00 - 17:30,"Tuesday, Wednesday"
Dr. Tanvi Joshi,Plastic Surgeon,3.2,Ahmedabad,15:30 - 17:30,"Monday, Thursday"
Dr. Aditya Verma,Neurosurgeon,3.5,Jaipur,16:00 - 18:30,"Tuesday, Thursday"
Dr. Pooja Khurana,Adult Psychiatric & Mental Health Nurse Practitioner,3.8,Surat,16:30 - 18:30,"Friday, Tuesday"
Dr. Ankit Gupta,Neurosurgeon,5,Lucknow,17:00 - 19:30,"Tuesday, Thursday"
Dr. Shweta Singh,Pediatric Dentist,4,Kanpur,17:30 - 19:30,"Wednesday, Friday"
Dr. Abhinav Sharma,Hand Surgeon,3.9,Nagpur,18:00 - 20:30,"Monday,Tuesday"
Dr. Natasha Mehra,Neurosurgeon,3.4,Visakhapatnam,18:30 - 20:30,"Tuesday, Wednesday"
Dr. Yash Singh,Emergency Medicine Physician,3.5,Indore,19:00 - 21:30,"Monday, Wednesday"
Dr. Nisha Verma,Adult Psychiatric & Mental Health Nurse Practitioner,4.8,Thane,19:30 - 21:30,"Tuesday, Thursday"
Dr. Arvind Khanna,Shoulder & Elbow Surgeon,3.9,Bhopal,20:00 - 22:30,"Monday, Thursday"
Dr. Priyanka Singh,Midwife,3.6,Patna,20:30 - 22:30,"Tuesday, Thursday"
Dr. Rohit Choudhary,Clinical Neurophysiologist,5,Vadodara,21:00 - 23:00,"Monday, Friday"
Dr. Kritika Khanna,Anesthesiologist,4.2,Ghaziabad,21:30 - 23:00,"Monday, Wednesday"
Dr. Mohit Sharma,Oculoplastic Surgeon,3.3,Ludhiana,22:00 - 24:00,"Tuesday, Thursday"
Dr. Anjali Bansal,Laryngologist,4.8,Agra,13:30 - 15:45,"Monday,Tuesday"
Dr. Ravi Verma,Dermatologist,4,Nashik,14:00 - 16:30,"Monday,Tuesday"
Dr. Ananya Khurana,Glaucoma Specialist,4.3,Faridabad,14:30 - 16:30,"Tuesday, Wednesday"
Dr. Sameer Verma,Pediatric Dentist,3.3,Meerut,15:00 - 17:30,"Wednesday, Thursday"
Dr. Shivani Gupta,Oculoplastic Surgeon,4.5,Mumbai,15:30 - 17:30,"Friday, Tuesday"
Dr. Akash Choudhary,Pediatrician,4.3,Delhi,16:00 - 18:30,"Monday,Tuesday"
Dr. Anushka Mehra,Gastroenterologist,3.7,Bangalore,16:30 - 18:30,"Friday, Tuesday"
Dr. Rahul Kapoor,Allergist,4,Kolkata,17:00 - 19:30,"Thursday, Friday"
Dr. Sneha Sharma,Oncology,3.3,Chennai,17:30 - 19:30,"Tuesday, Thursday"
Dr. Rohan Khanna,Pediatric Otolaryngologist,3.1,Hyderabad,18:00 - 20:30,"Wednesday, Friday"
Dr. Tanvi Gupta,Neurosurgeon,5,Pune,18:30 - 20:30,"Monday,Tuesday"
Dr. Aman Singh,Pediatric Dentist,3.3,Ahmedabad,19:00 - 21:30,"Tuesday, Wednesday"
Dr. Neha Khurana,Hematologist,4.2,Surat,19:30 - 21:30,"Monday,Tuesday"
Dr. Karan Mehra,Neurosurgeon,4.5,Jaipur,20:00 - 22:30,"Tuesday, Wednesday"
Dr. Pooja Verma,Laryngologist,4.9,Amritsar,20:30 - 22:30,"Wednesday, Thursday"
Dr. Vikram Sharma,Optometrist,3.2,Navi Mumbai,21:00 - 23:00,"Friday, Tuesday"
Dr. Riya Singh,Hand Surgeon,4.3,Allahabad,21:30 - 23:00,"Thursday, Friday"
Dr. Aditya Khanna,Allergist,3.5,Ranchi,22:00 - 24:00,"Tuesday, Thursday"
Dr. Nandini Verma,Pediatric Otolaryngologist,3.9,Howrah,22:30 - 24:00,"Monday, Wednesday"
Dr. Arjun Choudhary,Hand Surgeon,3.3,Jabalpur,23:00 - 24:00,"Tuesday, Thursday"
Dr. Swati Khurana,Midwife,4.3,Gwalior,11:45 - 15:45,"Wednesday, Friday"
Dr. Ankit Mehra,Pediatrician,4.4,Vijayawada,17:20 - 20:40,"Monday,Tuesday"
Dr. Priya Verma,Psychotherapist,4.4,Jodhpur,21:15 - 24:00,"Tuesday, Wednesday"
Dr. Rohit Kumar,Laryngologist,4.6,Raipur,09:00 - 10:45,"Wednesday, Thursday"
Dr. Meera Khanna,OB-GYN,4.7,Kota,09:15 - 11:45,"Thursday, Friday"
Dr. Sahil Verma,Allergist,3.7,Guwahati,09:45 - 12:15,"Wednesday, Friday"
Dr. Sneha Singh,Oncologist,5,Chandigarh,10:15 - 12:45,"Monday,Tuesday"
Dr. Anuj Sharma,Refractive Surgeon,3.9,Solapur,10:30 - 13:00,"Tuesday, Wednesday"
Dr. Ritu Khanna,Hematologist,3.3,Hubballi-Dharwad,10:45 - 13:45,"Wednesday, Thursday"
Dr. Aarti Singh,Prosthodontist,3.6,Bareilly,11:15 - 14:15,"Friday, Tuesday"
Dr. Vivek Khurana,Urological Surgeon,4.6,Moradabad,11:45 - 14:15,"Thursday, Friday"
Dr. Kavita Sharma,Neurosurgeon,3.3,Mysore,12:15 - 15:45,"Tuesday, Thursday"
Dr. Rahul Mehta,Plastic Surgeon,4.4,Gurgaon,12:45 - 15:15,"Wednesday, Friday"
Dr. Nisha Choudhary,Midwife,3.7,Aligarh,13:15 - 16:45,"Monday,Tuesday"
Dr. Karan Kapoor,Pediatric Orthopedic Surgeon,3.3,Jalandhar,13:45 - 16:45,"Tuesday, Wednesday"
Dr. Priya Sharma,Diagnostic Radiologist,3,Tiruchirappalli,14:15 - 17:15,"Monday, Wednesday"
Dr. Rohit Patel,Pediatric Orthopedic Surgeon,3.1,Bhubaneswar,14:45 - 17:45,"Tuesday, Thursday"
Dr. Sneha Verma,Adult Psychiatric & Mental Health Nurse Practitioner,3.8,Salem,15:15 - 17:45,"Monday,Tuesday"
Dr. Vikram Singhania,Refractive Surgeon,3.1,Jamnagar,15:45 - 18:15,"Monday,Tuesday"
Dr. Anjali Reddy,Midwife,4,Ujjain,16:15 - 19:45,"Tuesday, Wednesday"
Dr. Arjun Gupta,OB-GYN,4.9,Siliguri,16:45 - 19:15,"Wednesday, Thursday"
Dr. Preeti Khanna,Psychotherapist,3.9,Jhansi,17:15 - 20:15,"Friday, Tuesday"
Dr. Rajesh Sharma,Allergist,3.9,Durg-Bhilai Nagar,15:00 - 17:30,"Monday,Tuesday"
Dr. Neha Desai,Colorectal Surgeon,4.1,Tirupur,15:30 - 17:30,"Tuesday, Wednesday"
Dr. Siddharth Patel,Hand Surgeon,3.5,Guntur,16:00 - 18:30,"Monday, Thursday"
Dr. Aarti Gupta,Pediatric Dentist,4.1,Gorakhpur,16:30 - 18:30,"Tuesday, Thursday"
Dr. Aniket Malhotra,Pediatric Orthopedic Surgeon,4.6,Saharanpur,17:00 - 19:30,"Friday, Tuesday"
Dr. Shreya Joshi,Neurosurgeon,3.7,Bhatpara,17:30 - 19:30,"Thursday, Friday"
Dr. Aditya Singh,Neurosurgeon,4,Bhilwara,18:00 - 20:30,"Wednesday, Friday"
Dr. Tanvi Mehra,Pediatrician,3.6,Kakinada,18:30 - 20:30,"Monday,Tuesday"
Dr. Rohan Bansal,Oncologist,4.9,Davanagere,19:00 - 21:30,"Tuesday, Wednesday"
Dr. Meera Chawla,Oculoplastic Surgeon,4.6,Kozhikode,19:30 - 21:30,"Wednesday, Thursday"
Dr. Vivek Khanna,Optometrist,3.9,Maheshtala,20:00 - 22:30,"Tuesday, Wednesday"
Dr. Ritu Kapoor,Laryngologist,4.2,Rajpur Sonarpur,20:30 - 22:30,"Wednesday, Thursday"
Dr. Akash Verma,Oncologist,3.5,Rajahmundry,21:00 - 23:00,"Monday, Wednesday"
Dr. Nandini Sharma,Clinical Neurophysiologist,4.7,Bokaro Steel City,21:30 - 23:00,"Tuesday, Thursday"
Dr. Anuj Mehra,Spine Specialist,4.8,South Dumdum,22:00 - 24:00,"Monday, Thursday"
Dr. Kritika Choudhary,Hand Surgeon,4.3,Bellary,22:30 - 24:00,"Tuesday, Thursday"
Dr. Mohan Kumar,Hand Surgeon,3.9,Patiala,23:00 - 24:00,"Monday, Friday"
Dr. Anushka Singh,Oncologist,3.9,Gopalpur,09:00 - 11:30,"Monday, Wednesday"
Dr. Sameer Khurana,Oculoplastic Surgeon,3.2,Bangalore,14:30 - 16:30,"Tuesday, Thursday"
Dr. Riya Gupta,Diagnostic Radiologist,4.9,Kolkata,15:00 - 17:30,"Wednesday, Friday"
Dr. Vikrant Mehra,Hand Surgeon,3,Chennai,15:30 - 17:30,"Monday,Tuesday"
Dr. Sneha Kumar,Neurosurgeon,3.7,Hyderabad,16:00 - 18:30,"Tuesday, Wednesday"
Dr. Arjun Khanna,Diagnostic Radiologist,3.9,Pune,16:30 - 18:30,"Wednesday, Friday"
Dr. Natasha Chatterjee,Pediatric Orthopedic Surgeon,4.9,Ahmedabad,17:00 - 19:30,"Monday,Tuesday"
Dr. Ravi Sharma,Hand Surgeon,4.9,Surat,17:30 - 19:30,"Tuesday, Wednesday"
Dr. Aditi Patel,Psychotherapist,4.3,Jaipur,18:00 - 20:30,"Wednesday, Thursday"
Dr. Deepak Singh,Prosthodontist,3.1,Lucknow,18:30 - 20:30,"Monday, Thursday"
Dr. Shruti Mehra,OB-GYN,4.9,Kanpur,11:45 - 13:45,"Tuesday, Thursday"
Dr. Karan Chawla,Adult Psychiatric & Mental Health Nurse Practitioner,3,Nagpur,12:15 - 14:45,"Friday, Tuesday"
Dr. Naina Patel,Neurosurgeon,3.3,Visakhapatnam,12:45 - 14:15,"Thursday, Friday"
Dr. Rajat Kapoor,Clinical Neurophysiologist,3.1,Indore,13:15 - 15:45,"Tuesday, Thursday"
Dr. Ishita Singh,OB-GYN,3.8,Nagpur,13:45 - 15:15,"Wednesday, Friday"
Dr. Akshay Gupta,Pediatric Otolaryngologist,3.1,Visakhapatnam,14:15 - 16:45,"Monday,Tuesday"
Dr. Ayesha Reddy,Diagnostic Radiologist,3.4,Indore,14:45 - 16:45,"Tuesday, Wednesday"
Dr. Rohit Verma,Allergist,3.9,Thane,15:15 - 17:15,"Monday, Wednesday"
Dr. Swati Bansal,OB-GYN,3.4,Bhopal,15:45 - 18:15,"Tuesday, Thursday"
Dr. Vikas Singh,Psychotherapist,4.3,Ujjain,16:15 - 18:45,"Monday, Thursday"
Dr. Anjali Malhotra,Pediatric Dentist,4.7,Siliguri,16:45 - 18:45,"Tuesday, Thursday"
Dr. Abhishek Kumar,Laryngologist,3.8,Jhansi,09:45 - 12:15,"Friday, Tuesday"
Dr. Priya Khanna,Pediatric Dentist,3.2,Durg-Bhilai Nagar,10:15 - 12:45,"Thursday, Friday"
Dr. Surya Gupta,Hand Surgeon,3.2,Tirupur,10:30 - 13:00,"Wednesday, Friday"
Dr. Ritu Patel,Laryngologist,3.2,Guntur,10:45 - 13:45,"Monday,Tuesday"
Dr. Aniket Singh,OB-GYN,3.1,Gorakhpur,11:15 - 14:15,"Tuesday, Wednesday"
Dr. Neha Kapoor,Refractive Surgeon,4.2,Saharanpur,11:45 - 14:15,"Wednesday, Thursday"
Dr. Rohan Sharma,Plastic Surgeon,3.6,Bhatpara,12:15 - 15:45,"Friday, Tuesday"
Dr. Tanvi Joshi,Spine Specialist,4.2,Bhilwara,12:45 - 15:15,"Thursday, Friday"
Dr. Aditya Verma,Hand & Microsurgery Specialist,3.6,Kakinada,13:15 - 16:45,"Tuesday, Thursday"
Dr. Pooja Khurana,Adult Psychiatric & Mental Health Nurse Practitioner,3.1,Davanagere,13:45 - 16:45,"Wednesday, Friday"
Dr. Ankit Gupta,Neurosurgeon,4.1,Varanasi,14:15 - 17:15,"Monday,Tuesday"
Dr. Shweta Singh,Urological Surgeon,4,Bhubaneswar,14:45 - 17:45,"Tuesday, Wednesday"
Dr. Abhinav Sharma,Psychotherapist,3.9,Jabalpur,15:15 - 17:45,"Monday,Tuesday"
Dr. Natasha Mehra,Midwife,3.5,Jodhpur,15:45 - 18:15,"Tuesday, Wednesday"
Dr. Yash Singh,Clinical Neurophysiologist,3.2,Mumbai,16:15 - 19:45,"Wednesday, Thursday"
Dr. Nisha Verma,Allergist,3.8,Delhi,19:30 - 21:30,"Friday, Tuesday"
Dr. Arvind Khanna,Neurosurgeon,4.1,Bangalore,20:00 - 22:30,"Monday,Tuesday"
Dr. Priyanka Singh,Shoulder & Elbow Surgeon,4.9,Kolkata,20:30 - 22:30,"Tuesday, Wednesday"
Dr. Rohit Choudhary,Hematologist,3.4,Chennai,21:00 - 23:00,"Monday, Thursday"
Dr. Kritika Khanna,Pediatric Orthopedic Surgeon,4.2,Hyderabad,21:30 - 23:00,"Tuesday, Thursday"
Dr. Mohit Sharma,OB-GYN,5,Pune,22:00 - 24:00,"Friday, Tuesday"
Dr. Anjali Bansal,Psychotherapist,4.2,Vadodara,22:30 - 24:00,"Thursday, Friday"
Dr. Ravi Verma,Pediatrician,4.1,Ghaziabad,23:00 - 24:00,"Tuesday, Thursday"
Dr. Ananya Khurana,Emergency Medicine Physician,4.5,Ludhiana,09:00 - 11:15,"Monday, Thursday"
Dr. Sameer Verma,Hand & Microsurgery Specialist,3,Agra,09:30 - 11:30,"Tuesday, Thursday"
Dr. Shivani Gupta,Hand Surgeon,4.8,Nashik,10:00 - 11:30,"Friday, Tuesday"
Dr. Akash Choudhary,Hematologist,4.5,Faridabad,10:15 - 11:45,"Thursday, Friday"
Dr. Anushka Mehra,Pediatric Otolaryngologist,3.3,Meerut,10:30 - 12:30,"Wednesday, Friday"
Dr. Rahul Kapoor,Emergency Medicine Physician,3.9,Mumbai,10:45 - 12:45,"Monday,Tuesday"
Dr. Sneha Sharma,Oncologist,3.8,Delhi,11:15 - 13:15,"Tuesday, Wednesday"
Dr. Rohan Khanna,Optometrist,3.2,Bangalore,16:30 - 18:30,"Wednesday, Thursday"
Dr. Tanvi Gupta,Pediatric Orthopedic Surgeon,3,Kolkata,17:00 - 19:30,"Friday, Tuesday"
Dr. Aman Singh,Neurosurgeon,3.3,Gopalpur,17:30 - 19:30,"Monday,Tuesday"
Dr. Neha Khurana,Psychotherapist,3.9,Agartala,18:00 - 20:30,"Tuesday, Wednesday"
Dr. Karan Mehra,Diagnostic Radiologist,4.2,Muzaffarnagar,18:30 - 20:30,"Tuesday, Wednesday"
Dr. Pooja Verma,Neurosurgeon,4.7,Latur,19:00 - 21:30,"Monday, Wednesday"
Dr. Vikram Sharma,Pediatrician,3.5,Hyderabad,19:30 - 21:30,"Tuesday, Thursday"
Dr. Riya Singh,Hematologist,3.3,Pune,20:00 - 22:30,"Tuesday, Thursday"
Dr. Aditya Khanna,OB-GYN,3.4,Ahmedabad,20:30 - 22:30,"Friday, Tuesday"
Dr. Nandini Verma,Spine Specialist,4.7,Jaipur,21:00 - 23:00,"Thursday, Friday"
Dr. Arjun Choudhary,Laryngologist,4.1,Surat,21:30 - 23:00,"Tuesday, Thursday"
Dr. Swati Khurana,Allergist,3.7,Lucknow,22:00 - 24:00,"Wednesday, Friday"
Dr. Ankit Mehra,Optometrist,4.3,Kanpur,22:30 - 24:00,"Monday,Tuesday"
Dr. Priya Verma,Pediatric Orthopedic Surgeon,3.7,Ahmedabad,09:00 - 10:30,"Tuesday, Wednesday"
Dr. Rohit Kumar,Hand Surgeon,3.2,Surat,09:15 - 10:45,"Monday,Tuesday"
Dr. Meera Khanna,Hand Surgeon,4,Jaipur,09:45 - 11:15,"Tuesday, Wednesday"
Dr. Sahil Verma,Hand Surgeon,3.7,Lucknow,10:15 - 11:45,"Wednesday, Thursday"
Dr. Sneha Singh,OB-GYN,4.8,Patna,10:30 - 12:00,"Friday, Tuesday"
Dr. Anuj Sharma,Pediatric Dentist,4.1,Vadodara,10:45 - 12:45,"Thursday, Friday"
Dr. Ritu Khanna,Pediatric Dentist,4.9,Ghaziabad,11:15 - 12:45,"Tuesday, Thursday"
Dr. Aarti Singh,Psychotherapist,3.5,Ludhiana,11:45 - 13:45,"Monday, Wednesday"
Dr. Vivek Khurana,Refractive Surgeon,4.7,Agra,12:15 - 13:45,"Tuesday, Thursday"
Dr. Kavita Sharma,Pediatric Dentist,4,Nashik,12:45 - 14:15,"Wednesday, Friday"
Dr. Arvind Khatri,Hand & Microsurgery Specialist,3.3,Faridabad,13:15 - 14:45,"Wednesday, Friday"
Dr. Priyanka Das,Hematologist,4.4,Meerut,13:45 - 15:15,"Monday,Tuesday"
Dr. Rohan Joshi,Neurosurgeon,4.4,Mumbai,14:15 - 15:45,"Tuesday, Wednesday"
Dr. Neha Bhatia,Refractive Surgeon,4.5,Ambala,14:45 - 16:15,"Wednesday, Thursday"
Dr. Karthik Menon,Psychotherapist,3,Maheshtala,15:15 - 16:45,"Monday, Thursday"
Dr. Ananya Iyer,Neurosurgeon,4.5,Rajpur Sonarpur,15:45 - 17:15,"Tuesday, Thursday"
Dr. Vikram Shah,Emergency Medicine Physician,3.8,Rajahmundry,16:15 - 17:45,"Friday, Tuesday"
Dr. Sneha Rao,Pediatrician,3.5,Bokaro Steel City,16:45 - 18:15,"Thursday, Friday"
Dr. Rahul Varma,Laryngologist,4.6,South Dumdum,17:15 - 18:45,"Tuesday, Thursday"
Dr. Nisha Krishnan,Clinical Neurophysiologist,4.2,Bellary,17:45 - 19:15,"Wednesday, Friday"
Dr. Aditya Dubey,Pediatric Otolaryngologist,4.3,Patiala,18:15 - 19:45,"Monday,Tuesday"
Dr. Shreya Sharma,Laryngologist,4.2,Gopalpur,18:45 - 20:15,"Tuesday, Wednesday"
Dr. Akash Pillai,Pediatrician,4.5,Bangalore,19:15 - 20:45,"Monday, Wednesday"
Dr. Pooja Singhania,OB-GYN,4.6,Visakhapatnam,19:45 - 21:15,"Tuesday, Thursday"
Dr. Rohit Verma,Hand Surgeon,4.3,Indore,20:15 - 21:45,"Monday, Thursday"
Dr. Anjali Nair,Oncologist,4.4,Thane,20:45 - 22:15,"Tuesday, Thursday"
Dr. Arjun Kapoor,Emergency Medicine Physician,3.6,Bhopal,21:15 - 22:45,"Friday, Tuesday"
Dr. Tanvi Mehta,Pediatric Orthopedic Surgeon,3.2,Ujjain,21:45 - 23:15,"Thursday, Friday"
Dr. Rajesh Rao,Neurosurgeon,3.4,Siliguri,22:15 - 23:45,"Wednesday, Friday"
Dr. Nandini Reddy,Laryngologist,3.4,Jhansi,22:45 - 24:00,"Monday,Tuesday"
Dr. Aman Mathur,Refractive Surgeon,3,Durg-Bhilai Nagar,09:00 - 10:45,"Tuesday, Wednesday"
Dr. Swati Sinha,Shoulder & Elbow Surgeon,4.7,Tirupur,09:30 - 11:00,"Wednesday, Thursday"
Dr. Vikrant Malhotra,Neurosurgeon,4.7,Guntur,10:00 - 11:30,"Friday, Tuesday"
Dr. Riya Mehra,Diagnostic Radiologist,3.1,Gorakhpur,10:15 - 11:45,"Thursday, Friday"
Dr. Ankit Desai,Pediatrician,3.9,Saharanpur,10:45 - 12:30,"Tuesday, Thursday"
Dr. Kritika Rao,Neurosurgeon,4.1,Bhatpara,11:00 - 12:45,"Wednesday, Friday"
Dr. Mohit Sharma,Laryngologist,4.3,Bhilwara,11:30 - 13:00,"Monday,Tuesday"
Dr. Anjali Patel,Hand Surgeon,3,Kakinada,12:00 - 13:45,"Tuesday, Wednesday"
Dr. Sameer Rastogi,Pediatric Otolaryngologist,3.4,Davanagere,12:30 - 14:00,"Monday, Wednesday"
Dr. Ritu Singh,Pediatric Orthopedic Surgeon,3.5,Kozhikode,13:00 - 14:45,"Tuesday, Thursday"
Dr. Abhishek Gupta,Emergency Medicine Physician,4,Maheshtala,13:30 - 15:00,"Tuesday, Wednesday"
Dr. Natasha Kapoor,Optometrist,4.2,Varanasi,14:00 - 15:45,"Wednesday, Thursday"
Dr. Rohan Chawla,Hand Surgeon,4.9,Bhubaneswar,14:30 - 16:00,"Friday, Tuesday"
Dr. Sneha Sharma,Pediatric Otolaryngologist,3.6,Jabalpur,15:00 - 16:45,"Thursday, Friday"
Dr. Arjun Verma,OB-GYN,4.5,Jodhpur,15:30 - 17:00,"Tuesday, Thursday"
Dr. Priya Mehra,Hand & Microsurgery Specialist,3.5,Mumbai,16:00 - 17:45,"Wednesday, Friday"
Dr. Vivek Sharma,Hand Surgeon,3,Delhi,16:30 - 18:00,"Monday,Tuesday"
Dr. Shweta Gupta,Neurosurgeon,3.7,Bangalore,17:00 - 18:45,"Tuesday, Wednesday"
Dr. Aditya Jain,Midwife,4.7,Kolkata,17:30 - 19:00,"Monday, Wednesday"
Dr. Neha Chopra,Pediatric Orthopedic Surgeon,5,Chennai,18:00 - 19:45,"Tuesday, Thursday"
Dr. Karan Thakur,Spine Specialist,3,Hyderabad,18:30 - 20:00,"Monday, Thursday"
Dr. Pooja Kapoor,Pediatric Otolaryngologist,3.2,Pune,19:00 - 20:45,"Tuesday, Thursday"
Dr. Vikas Singh,Hand Surgeon,3.7,Ahmedabad,19:30 - 21:00,"Monday, Friday"
Dr. Ananya Rao,Emergency Medicine Physician,4,Lucknow,20:00 - 21:45,"Monday, Wednesday"
Dr. Rohit Patel,Oncologist,4.4,Durg-Bhilai Nagar,20:30 - 22:00,"Tuesday, Thursday"
Dr. Tanvi Mehra,Allergist,5,Tirupur,21:00 - 22:45,"Wednesday, Friday"
Dr. Aryan Gupta,Pediatric Otolaryngologist,3,Guntur,21:30 - 23:00,"Monday,Tuesday"
Dr. Nisha Sharma,Pediatric Orthopedic Surgeon,3.8,Gorakhpur,22:00 - 23:45,"Friday, Tuesday"
Dr. Ankit Malhotra,Neurosurgeon,3.4,Saharanpur,22:30 - 24:00,"Thursday, Friday"
Dr. Priyanka Singh,Pediatric Dentist,3,Bhatpara,09:00 - 11:00,"Tuesday, Thursday"
Dr. Sahil Reddy,Pediatric Otolaryngologist,3.9,Bhilwara,09:15 - 11:15,"Wednesday, Friday"
Dr. Ritu Khanna,Diagnostic Radiologist,3.9,Kakinada,09:30 - 11:30,"Monday,Tuesday"
Dr. Akash Singh,Pediatric Orthopedic Surgeon,4.6,Davanagere,09:45 - 11:45,"Tuesday, Wednesday"
Dr. Meera Patel,Emergency Medicine Physician,3.3,Varanasi,10:00 - 12:00,"Monday,Tuesday"
Dr. Rahul Verma,OB-GYN,3.9,Bhubaneswar,10:15 - 12:15,"Tuesday, Wednesday"
Dr. Swati Sharma,Neurosurgeon,3.5,Jabalpur,10:30 - 12:30,"Wednesday, Thursday"
Dr. Arjun Khatri,Clinical Neurophysiologist,3.5,Jodhpur,10:45 - 12:45,"Friday, Tuesday"
Dr. Sneha Kapoor,OB-GYN,3.1,Mumbai,11:00 - 13:00,"Thursday, Friday"
Dr. Rohan Kumar,Pediatric Orthopedic Surgeon,5,Delhi,11:15 - 13:15,"Tuesday, Thursday"
Dr. Neha Desai,Hand Surgeon,4.1,Bangalore,11:30 - 13:30,"Monday, Wednesday"
Dr. Karthik Iyer,Refractive Surgeon,3.1,Kolkata,11:45 - 13:45,"Monday, Friday"
Dr. Preeti Sharma,Pediatric Dentist,4.1,Pune,12:00 - 14:00,"Monday, Wednesday"
Dr. Vikram Reddy,Hematologist,3.7,Ahmedabad,12:15 - 14:15,"Tuesday, Thursday"
Dr. Anjali Nair,Pediatrician,4.3,Jaipur,12:30 - 14:30,"Wednesday, Friday"
Dr. Aditya Bhatia,Oncologist,3.3,Chandigarh,12:45 - 14:45,"Monday,Tuesday"
Dr. Tanvi Patel,Pediatric Orthopedic Surgeon,3.9,Gurgaon,13:00 - 15:00,"Tuesday, Wednesday"
Dr. Rajesh Menon,Psychotherapist,4.3,Noida,13:15 - 15:15,"Tuesday, Thursday"
Dr. Nandini Rao,OB-GYN,4.2,Kochi,13:30 - 15:30,"Wednesday, Friday"
Dr. Aman Sharma,Hematologist,4.4,Lucknow,13:45 - 15:45,"Monday,Tuesday"
Dr. Shreya Sinha,Hand Surgeon,3.7,Indore,14:00 - 16:00,"Tuesday, Wednesday"
Dr. Abhishek Malhotra,Hand Surgeon,4.3,Bhopal,14:15 - 16:15,"Tuesday, Thursday"
Dr. Natasha Mehra,OB-GYN,3.1,Coimbatore,14:30 - 16:30,"Monday, Thursday"
Dr. Rohit Chauhan,Hand Surgeon,3.7,Thiruvananthapuram,14:45 - 16:45,"Tuesday, Thursday"
Dr. Ananya Gupta,Allergist,3.1,Nagpur,15:00 - 17:00,"Friday, Tuesday"
Dr. Priya Verma,Neurosurgeon,3.6,Vadodara,15:15 - 17:15,"Thursday, Friday"
Dr. Vivek Kapoor,OB-GYN,4.1,Agartala,15:30 - 17:30,"Wednesday, Friday"
Dr. Shweta Singh,Hand Surgeon,3.4,Aizawl,15:45 - 17:45,"Monday,Tuesday"
Dr. Akash Khatri,Pediatrician,3.7,Imphal,16:00 - 18:00,"Tuesday, Wednesday"
Dr. Ritu Kumar,Clinical Neurophysiologist,4.5,Shillong,16:15 - 18:15,"Wednesday, Thursday"
Dr. Arjun Sharma,Pediatrician,3.7,Kohima,16:30 - 18:30,"Friday, Tuesday"
Dr. Sneha Khanna,Urological Surgeon,3.4,Dimapur,16:45 - 18:45,"Monday,Tuesday"
Dr. Rohan Gupta,Laryngologist,3.3,Gangtok,17:00 - 19:00,"Wednesday, Friday"
Dr. Neha Mehra,OB-GYN,4.9,Itanagar,17:15 - 19:15,"Monday,Tuesday"
Dr. Karan Singhania,Clinical Neurophysiologist,3.9,Port Blair,17:30 - 19:30,"Monday,Tuesday"
Dr. Pooja Desai,Emergency Medicine Physician,4.3,Leh,17:45 - 19:45,"Tuesday, Wednesday"
Dr. Vikas Verma,Laryngologist,3.5,Tirupur,18:00 - 20:00,"Wednesday, Thursday"
Dr. Anjali Joshi,Oncologist,3.5,Guntur,09:00 - 10:30,"Friday, Tuesday"
Dr. Aditya Rao,Pediatric Otolaryngologist,3.3,Gorakhpur,09:45 - 11:15,"Monday,Tuesday"
Dr. Tanvi Mehra,Hematologist,3,Saharanpur,10:15 - 11:45,"Tuesday, Wednesday"
Dr. Rahul Kapoor,Neurosurgeon,3.6,Bhatpara,10:30 - 12:00,"Monday, Thursday"
Dr. Nisha Sinha,Urological Surgeon,3.6,Bhilwara,10:45 - 12:45,"Tuesday, Thursday"
Dr. Ankit Gupta,OB-GYN,4.6,Kakinada,11:15 - 12:45,"Friday, Tuesday"
Dr. Sahil Malhotra,Urological Surgeon,3,Davanagere,11:45 - 13:45,"Thursday, Friday"
Dr. Riya Khanna,Hematologist,3,Kozhikode,12:15 - 13:45,"Monday,Tuesday"
Dr. Arvind Sharma,Pediatric Dentist,4.4,Maheshtala,12:45 - 14:15,"Tuesday, Wednesday"
Dr. Swati Patel,Laryngologist,4.2,Varanasi,13:15 - 14:45,"Monday, Wednesday"
Dr. Akash Reddy,Hematologist,3.4,Bhubaneswar,13:45 - 15:15,"Tuesday, Thursday"
Dr. Meera Singh,Diagnostic Radiologist,4.9,Jabalpur,14:15 - 15:45,"Monday, Thursday"
Dr. Rohit Varma,Neurosurgeon,4.5,Jodhpur,14:45 - 16:15,"Tuesday, Thursday"
Dr. Neha Khatri,Pediatric Dentist,3.2,Kanpur,15:15 - 16:45,"Monday, Friday"
Dr. Karthik Gupta,Urological Surgeon,4.5,Nagpur,15:45 - 17:15,"Monday, Wednesday"
Dr. Preeti Sharma,Hand Surgeon,4.5,Visakhapatnam,16:15 - 17:45,"Tuesday, Thursday"
Dr. Vikram Kapoor,OB-GYN,3.5,Indore,16:45 - 18:15,"Wednesday, Friday"
Dr. Siddharth Rao,Pediatrician,3.9,Nagpur,17:15 - 18:45,"Monday,Tuesday"
Dr. Kavita Sharma,Pediatric Otolaryngologist,4.1,Visakhapatnam,17:45 - 19:15,"Tuesday, Wednesday"
Dr. Arjun Menon,Laryngologist,3.7,Indore,18:15 - 19:45,"Tuesday, Wednesday"
Dr. Nandini Iyer,Spine Specialist,3.8,Thane,18:45 - 20:15,"Wednesday, Thursday"
Dr. KrittikaAggarwal,Psychotherapist,4.7,Bhopal,19:15 - 20:45,"Monday, Thursday"
Dr. Ramanuj Bansal,Hematologist,3.3,Ujjain,19:45 - 21:15,"Tuesday, Thursday"
Dr. AshishGopal,Pediatrician,3.4,Visakhapatnam,20:15 - 21:45,"Friday, Tuesday"
Dr. VikramWadhwa,Emergency Medicine Physician,4.7,Indore,20:45 - 22:15,"Thursday, Friday"
Dr. Atul Mohan Kochhar,Hematologist,4.5,Thane,21:15 - 22:45,"Tuesday, Thursday"
Dr. Lekshmi P. Kumar,Pediatrician,4.2,Bhopal,21:45 - 23:15,"Wednesday, Friday"
Dr. P.N. Pandey,Optometrist,3,Patna,22:15 - 23:45,"Monday,Tuesday"
Dr. Chandra Shekhar,Allergist,3.2,Vadodara,22:45 - 24:00,"Tuesday, Wednesday"
Dr. Amit Kr. Sharma,Pediatric Otolaryngologist,3.1,Ghaziabad,09:00 - 10:45,"Monday, Wednesday"
Dr. Ankit SanjayKr. Shan,Hand Surgeon,3.7,Ludhiana,09:30 - 11:00,"Tuesday, Thursday"
Dr. Viresh Kumar,Hand Surgeon,3.7,Agra,10:00 - 11:30,"Monday, Thursday"
Dr. Manju Chugh,Refractive Surgeon,3.9,Nashik,10:15 - 11:45,"Tuesday, Thursday"
Dr. Shujauddin,Pediatric Otolaryngologist,4.8,Ahmedabad,10:45 - 12:30,"Friday, Tuesday"
Dr. Vivek Sachan,Emergency Medicine Physician,3.3,Jaipur,11:00 - 12:45,"Thursday, Friday"
Dr. Aisha Khan,Hand Surgeon,3.9,Chandigarh,11:30 - 13:00,"Wednesday, Friday"
Dr. Rajiv Patel,Clinical Neurophysiologist,4.6,Gurgaon,12:00 - 13:45,"Monday,Tuesday"
Dr. Priyanka Banerjee,Neurosurgeon,4.2,Noida,12:30 - 14:00,"Tuesday, Wednesday"
Dr. Siddharth Gupta,Urological Surgeon,3,Kochi,13:00 - 14:45,"Wednesday, Thursday"
