doctor_name,Speciality,Availability,Ratings,Location
Dr. Ananya Desai,Infectious Diseases,"Monday, Friday",3.5,Mumbai
Dr. Rohan Patel,Endocrinology,"Monday, Wednesday",4.7,Delhi
Dr. Sneha Singh,Allergy and Immunology,"Tuesday, Thursday",4.9,Bangalore
Dr. Akash Sharma,Neurology,"Wednesday, Friday",4.5,Kolkata
Dr. Pooja Reddy,Cardiology,"Monday,Tuesday",4.7,Chennai
Dr. Aryan Kapoor,Pulmonology,"Tuesday, Wednesday",4,Hyderabad
Dr. Kavita Mehta,Gastroenterology,"Wednesday, Thursday",4.1,Pune
Dr. Vikram Choudhary,Rheumatology,"Monday, Thursday",3.7,Ahmedabad
Dr. Neha Gupta,Oncology,"Tuesday, Thursday",3.2,Jaipur
Dr. Rahul Malhotra,Nephrology,"Friday, Tuesday",3.6,Surat
Dr. Nisha Shah,Urology,"Thursday, Friday",3,Lucknow
Dr. Arjun Kumar,Dermatology,"Tuesday, Thursday",4.9,Kanpur
Dr. Priya Joshi,Psychiatry/Psychology,"Wednesday, Friday",4.9,Nagpur
Dr. Siddharth Trivedi,Ophthalmology,"Monday,Tuesday",4.3,Visakhapatnam
Dr. Shreya Banerjee,Gynecology/Obstetrics,"Tuesday, Wednesday",3.7,Indore
Dr. Aditya Sharma,Orthopedics,"Monday, Wednesday",4.8,Thane
Dr. Anjali Verma,Hematology,"Tuesday, Thursday",4.1,Bhopal
Dr. Rajat Singh,Andrology,"Monday, Thursday",3.3,Patna
Dr. Meera Krishnan,Gynecological Oncology,"Tuesday, Thursday",4.8,Vadodara
Dr. Karan Khanna,Gastrointestinal Surgery,"Friday, Tuesday",5,Ghaziabad
Dr. Swati Chatterjee,ENT Specialist,"Thursday, Friday",4.8,Ludhiana
Dr. Varun Mehra,General Practitioner/Family Medicine Physician,"Wednesday, Friday",4,Agra
Dr. Ritu Ahuja,Acupuncturist,"Monday,Tuesday",3.5,Nashik
Dr. Tarun Das,Physiatrist,"Tuesday, Wednesday",3.9,Faridabad
Dr. Devika Nair,Chiropractor,"Wednesday, Thursday",4.5,Meerut
Dr. Abhishek Rao,Pain Management Specialist,"Friday, Tuesday",5,Mumbai
Dr. Tanvi Mishra,Allergist,"Thursday, Friday",3.9,Delhi
Dr. Arnav Gupta,Dermatologist,"Tuesday, Thursday",4.9,Bangalore
Dr. Anushka Singh,Pediatric Dermatologist,"Wednesday, Friday",4.1,Kolkata
Dr. Harshita Jain,Rheumatologist,"Monday,Tuesday",4.2,Chennai
Dr. Yash Kapoor,Physician Assistant,"Tuesday, Wednesday",4.8,Hyderabad
Dr. Akanksha Sharma,Family Nurse Practitioner,"Monday, Wednesday",3.5,Pune
Dr. Rajeev Reddy,Family Physician,"Tuesday, Thursday",3.2,Ahmedabad
Dr. Anika Verma,Internist,"Monday, Thursday",3.7,Surat
Dr. Siddharth Mehra,Surgeon,"Tuesday, Thursday",3.6,Jaipur
Dr. Priyanka Chaudhary,"Ear, Nose & Throat Doctor","Monday, Friday",3.1,Lucknow
Dr. Rohit Kumar,Pulmonologist,"Monday, Wednesday",4.6,Kanpur
Dr. Anjali Saxena,Adult Nurse Practitioner,"Tuesday, Thursday",3.7,Nagpur
Dr. Vishal Patel,Nurse Practitioner,"Wednesday, Friday",4.1,Visakhapatnam
Dr. Kritika Sharma,Facial Plastic & Reconstructive Surgeon,"Monday,Tuesday",4.8,Indore
Dr. Aditi Gupta,Sinus Surgeon / Rhinologist,"Tuesday, Wednesday",4.4,Thane
Dr. Mohit Singh,Primary Care Doctor,"Tuesday, Thursday",3.5,Bhopal
Dr. Shivani Desai,Addiction Specialist,"Wednesday, Friday",3.2,Patna
Dr. Aman Verma,Audiologist,"Monday,Tuesday",4.6,Vadodara
Dr. Natasha Chawla,Pediatric Otolaryngologist,"Tuesday, Wednesday",3.5,Ghaziabad
Dr. Prateek Kapoor,Infectious Disease Specialist,"Tuesday, Thursday",3.7,Ludhiana
Dr. Shweta Reddy,Urgent Care Specialist,"Monday, Thursday",4.8,Agra
Dr. Rohan Mehta,Head & Neck Surgeon,"Tuesday, Thursday",3.2,Nashik
Dr. Divya Sinha,Pediatrician,"Friday, Tuesday",4.2,Faridabad
Dr. Sameer Joshi,Cardiologist,"Thursday, Friday",4.5,Meerut
Dr. Ananya Sharma,Interventional Cardiologist,"Wednesday, Friday",4.9,Rajkot
Dr. Kartik Patel,Pediatric Cardiologist,"Monday,Tuesday",4.1,Varanasi
Dr. Nandini Kapoor,Nephrologist,"Tuesday, Wednesday",3.6,Srinagar
Dr. Sahil Choudhary,Dentist,"Wednesday, Thursday",3.5,Aurangabad
Dr. Riya Singh,Dietitian,"Friday, Tuesday",4.2,Dhanbad
Dr. Anand Gupta,Psychiatrist,"Monday,Tuesday",3.6,Amritsar
Dr. Ishita Mehra,Nutritionist,"Tuesday, Wednesday",3.5,Navi Mumbai
Dr. Karan Khurana,Endocrinologist,"Wednesday, Thursday",3.8,Allahabad
Dr. Natasha Singh,Family Psychiatric & Mental Health Nurse Practitioner,"Friday, Tuesday",3.9,Ranchi
Dr. Ravi Verma,Bariatric Surgeon,"Thursday, Friday",4.5,Howrah
Dr. Ayesha Khan,Child and Adolescent Psychiatrist,"Tuesday, Thursday",4.9,Jabalpur
Dr. Arjun Chatterjee,Gastroenterologist,"Wednesday, Friday",4.2,Gwalior
Dr. Anjali Sharma,OB-GYN,"Tuesday, Thursday",4.3,Vijayawada
Dr. Manish Kumar,Neurologist,"Monday, Friday",5,Jodhpur
Dr. Ritika Jain,Psychosomatic Medicine Specialist,"Monday, Wednesday",4.2,Raipur
Dr. Rohit Shah,Forensic Psychiatrist,"Tuesday, Thursday",4.5,Kota
Dr. Aarti Sharma,Neuro-Otologist,"Wednesday, Friday",4.7,Guwahati
Dr. Aditya Patel,Emergency Medicine Physician,"Monday,Tuesday",4.9,Chandigarh
Dr. Niharika Reddy,Pediatric Emergency Medicine Specialist,"Monday,Tuesday",3.7,Solapur
Dr. Deepak Mehra,Nuclear Medicine Specialist,"Tuesday, Wednesday",3.9,Hubballi-Dharwad
Dr. Sonali Desai,Endodontist,"Wednesday, Thursday",3.2,Bareilly
Dr. Rohan Verma,Periodontist,"Friday, Tuesday",3.8,Moradabad
Dr. Preeti Singh,Prosthodontist,"Monday,Tuesday",3,Mysore
Dr. Rishabh Kapoor,Pediatric Dentist,"Tuesday, Wednesday",3.9,Gurgaon
Dr. Akanksha Mehra,Optometrist,"Monday, Thursday",3,Aligarh
Dr. Rohit Desai,Cornea & External Diseases Specialist,"Tuesday, Thursday",4.1,Jalandhar
Dr. Neha Gupta,Refractive Surgeon,"Friday, Tuesday",3.7,Tiruchirappalli
Dr. Ankit Sharma,Oculoplastic Surgeon,"Thursday, Friday",4.9,Bhubaneswar
Dr. Shivani Singh,Pediatric / Strabismus Eye Doctor,"Tuesday, Thursday",3.6,Salem
Dr. Siddharth Patel,Retina Specialist (Medical),"Wednesday, Friday",3.2,Warangal
Dr. Anushka Reddy,Neuro-Ophthalmologist,"Monday,Tuesday",3.8,Cuttack
Dr. Pranav Choudhary,Glaucoma Specialist,"Tuesday, Wednesday",4.7,Ajmer
Dr. Riya Mehra,Adult Psychiatric & Mental Health Nurse Practitioner,"Monday,Tuesday",4.3,Bhavnagar
Dr. Nikhil Kapoor,Women's Health Nurse Practitioner,"Tuesday, Wednesday",5,Bhiwandi
Dr. Sanya Singh,Hand Surgeon,"Wednesday, Thursday",3.3,Saharanpur
Dr. Aditi Mehta,Orthopedic Surgeon,"Friday, Tuesday",4.3,Gorakhpur
Dr. Rohit Verma,Spine Specialist,"Thursday, Friday",3.4,Bikaner
Dr. Kavya Patel,Occupational Therapist,"Tuesday, Thursday",3.5,Amravati
Dr. Vikas Gupta,Physical Therapist,"Monday, Wednesday",4.7,Noida
Dr. Natasha Sharma,Sports Medicine Specialist,"Tuesday, Thursday",3.7,Jamshedpur
Dr. Rahul Singh,Hematologist,"Wednesday, Friday",4.8,Bhilai
Dr. Naina Kapoor,Oncologist,"Monday,Tuesday",3.8,Cuttack
Dr. Abhay Chatterjee,Diagnostic Radiologist,"Tuesday, Wednesday",3.8,Kochi
Dr. Anjali Mehra,Pediatric Nurse Practitioner,"Wednesday, Thursday",4.3,Thiruvananthapuram
Dr. Akash Gupta,Psychologist,"Wednesday, Friday",3,Durgapur
Dr. Shruti Singh,Reproductive Endocrinologist,"Monday,Tuesday",5,Asansol
Dr. Aman Kapoor,Gynecologist,"Monday,Tuesday",4.4,Nanded
Dr. Priyanka Patel,Urological Surgeon,"Tuesday, Wednesday",3.9,Kolhapur
Dr. Rohan Reddy,Urologist,"Wednesday, Thursday",3.2,Dehradun
Dr. Sneha Sharma,Neurosurgeon,"Friday, Tuesday",3.9,Gulbarga
Dr. Karthik Patel,Sleep Medicine Specialist,"Monday,Tuesday",3.4,Jamnagar
Dr. Aishwarya Singh,Midwife,"Tuesday, Wednesday",4.4,Ujjain
Dr. Sameer Mehta,Radiation Oncologist,"Monday, Thursday",4.1,Siliguri
Dr. Tanvi Verma,Oral Surgeon,"Tuesday, Thursday",3.6,Jhansi
Dr. Arjun Mehra,Orthodontist,"Friday, Tuesday",3.4,Durg-Bhilai Nagar
Dr. Ananya Singh,Pediatric Sports Medicine Specialist,"Thursday, Friday",4,Tirupur
Dr. Rahul Desai,Geriatrician,"Wednesday, Friday",4.3,Guntur
Dr. Kritika Kapoor,Plastic Surgeon,"Monday,Tuesday",4.7,Gorakhpur
Dr. Rohit Sharma,Laryngologist,"Tuesday, Wednesday",3.2,Saharanpur
Dr. Anjali Patel,Podiatrist,"Wednesday, Thursday",4.8,Bhatpara
Dr. Aditya Singh,Foot & Ankle Specialist,"Friday, Tuesday",4,Bhilwara
Dr. Nisha Mehra,Psychotherapist,"Thursday, Friday",3.4,Kakinada
Dr. Vikrant Sharma,Pulmonary Diseases and Critical Care Medicine Specialist,"Tuesday, Thursday",3.3,Davanagere
Dr. Priya Chatterjee,Pediatric Orthopedic Surgeon,"Wednesday, Friday",4.3,Kozhikode
Dr. Arjun Verma,Hand & Microsurgery Specialist,"Monday,Tuesday",4.7,Maheshtala
Dr. Shruti Reddy,Hip and Knee Surgeon,"Wednesday, Friday",3.5,Rajpur Sonarpur
Dr. Karan Kapoor,Anesthesiologist,"Monday,Tuesday",4.4,Rajahmundry
Dr. Pooja Sharma,Radiologist,"Tuesday, Wednesday",3.5,Bokaro Steel City
Dr. Rohan Choudhary,Shoulder & Elbow Surgeon,"Wednesday, Thursday",3.3,South Dumdum
Dr. Shivani Verma,Clinical Neurophysiologist,"Monday, Thursday",3.2,Bellary
Dr. Sahil Singh,Colorectal Surgeon,"Tuesday, Thursday",3.3,Patiala
Dr. Anushka Mehra,Vascular Surgeon,"Friday, Tuesday",4.2,Gopalpur
Dr. Nikhil Chatterjee,Travel Medicine Specialist,"Thursday, Friday",3.1,Agartala
Dr. Nandini Singh,Gynecologist,"Tuesday, Thursday",3.2,Muzaffarnagar
Dr. Rohit Mehta,Urological Surgeon,"Wednesday, Friday",3.8,Latur
Dr. Aarti Kapoor,Midwife,"Monday,Tuesday",3.2,Hyderabad
Dr. Aditya Verma,Pediatric Dentist,"Tuesday, Wednesday",4.2,Pune
Dr. Natasha Mehra,Allergist,"Tuesday, Thursday",3.3,Ahmedabad
Dr. Ravi Singh,Psychotherapist,"Monday, Thursday",3.6,Jaipur
Dr. Ishita Choudhary,Neurosurgeon,"Tuesday, Thursday",3.1,Surat
Dr. Kartik Mehra,Travel Medicine Specialist,"Friday, Tuesday",3.4,Lucknow
Dr. Tanvi Singh,Pediatric Otolaryngologist,"Thursday, Friday",4.2,Kanpur
Dr. Arjun Sharma,Psychotherapist,"Wednesday, Friday",3.7,Ahmedabad
Dr. Ananya Mehra,Infectious Disease Specialist,"Monday,Tuesday",4.5,Surat
Dr. Rahul Choudhary,Nutritionist,"Tuesday, Wednesday",3.8,Jaipur
Dr. Kritika Mehra,Periodontist,"Wednesday, Friday",4,Lucknow
Dr. Rishabh Chatterjee,Primary Care Doctor,"Monday,Tuesday",3.8,Kanpur
Dr. Sneha Mehra,Psychiatrist,"Monday,Tuesday",3.5,Nagpur
Dr. Rohan Sharma,Retina Specialist (Medical),"Tuesday, Wednesday",3,Visakhapatnam
Dr. Priyanka Mehra,Geriatrician,"Wednesday, Thursday",5,Indore
Dr. Aman Chatterjee,Vascular Surgeon,"Friday, Tuesday",3.6,Thane
Dr. Anjali Singh,Pediatric Otolaryngologist,"Monday,Tuesday",3.3,Ludhiana
Dr. Aditya Mehra,Pediatric Cardiologist,"Tuesday, Wednesday",4.9,Vijayawada
Dr. Shivani Singh,Primary Care Doctor,"Monday, Thursday",3.3,Kanpur
Dr. Akash Mehra,"Ear, Nose & Throat Doctor","Tuesday, Thursday",3.6,Amritsar
Dr. Ananya Choudhary,Psychotherapist,"Friday, Tuesday",4.6,Dehradun
Dr. Rohit Singh,Dentist,"Thursday, Friday",4.1,Guwahati
Dr. Naina Mehra,Physician Assistant,"Wednesday, Friday",4,Raipur
Dr. Karan Choudhary,Glaucoma Specialist,"Monday,Tuesday",3.7,Varanasi
Dr. Pooja Singh,Emergency Medicine Physician,"Tuesday, Wednesday",3.5,Bhubaneswar
Dr. Sahil Mehra,Hand & Microsurgery Specialist,"Wednesday, Thursday",3.8,Jabalpur
Dr. Aishwarya Chatterjee,Interventional Cardiologist,"Tuesday, Wednesday",4.7,Jodhpur
Dr. Sameer Mehra,Physical Therapist,"Wednesday, Thursday",4,Mumbai
Dr. Tanvi Mehra,Optometrist,"Friday, Tuesday",4.2,Delhi
Dr. Aditya Chatterjee,Reproductive Endocrinologist,"Thursday, Friday",4.2,Bangalore
Dr. Riya Mehra,Sports Medicine Specialist,"Tuesday, Thursday",3.8,Kolkata
Dr. Karthik Choudhary,Psychologist,"Wednesday, Friday",3.5,Chennai
Dr. Sneha Chatterjee,Psychotherapist,"Monday,Tuesday",4.5,Hyderabad
Dr. Rohan Mehra,Psychotherapist,"Tuesday, Wednesday",3.5,Pune
Dr. Kritika Choudhary,OB-GYN,"Monday, Wednesday",3.5,Ahmedabad
Dr. Rohit Chatterjee,Gynecologist,"Tuesday, Thursday",3.5,Lucknow
Dr. Shivani Mehra,Reproductive Endocrinologist,"Monday, Thursday",3.8,Kanpur
Dr. Sahil Choudhary,Adult Psychiatric & Mental Health Nurse Practitioner,"Tuesday, Thursday",3.6,Nagpur
Dr. Ananya Chatterjee,Psychotherapist,"Monday, Friday",4.1,Visakhapatnam
Dr. Aditya Mehra,Nephrologist,"Monday, Wednesday",3.7,Indore
Dr. Tanvi Mehra,Nuclear Medicine Specialist,"Tuesday, Thursday",4.7,Thane
Dr. Sanjay Kumar,Pediatric / Strabismus Eye Doctor,"Monday,Tuesday",3.6,Bhopal
Dr. Neha Sharma,Orthopedic Surgeon,"Monday,Tuesday",4.9,Patna
Dr. Arvind Patel,Interventional Cardiologist,"Tuesday, Wednesday",4.2,Vadodara
Dr. Priya Gupta,Neuro-Otologist,"Wednesday, Thursday",4.4,Ghaziabad
Dr. Rahul Singhania,Psychotherapist,"Friday, Tuesday",4.2,Ludhiana
Dr. Sneha Verma,Gynecologist,"Monday,Tuesday",3,Agra
Dr. Vikram Khanna,Travel Medicine Specialist,"Tuesday, Wednesday",4.2,Nashik
Dr. Anjali Kapoor,OB-GYN,"Monday, Thursday",4.4,Faridabad
Dr. Rohit Malhotra,Nephrologist,"Tuesday, Thursday",4.6,Meerut
Dr. Nisha Desai,Gynecologist,"Friday, Tuesday",4.5,Mumbai
Dr. Rajesh Gupta,Refractive Surgeon,"Thursday, Friday",4.5,Delhi
Dr. Aarti Sharma,Prosthodontist,"Tuesday, Thursday",4.2,Bangalore
Dr. Aniket Reddy,Foot & Ankle Specialist,"Wednesday, Friday",3.8,Kolkata
Dr. Kavya Bansal,Emergency Medicine Physician,"Monday,Tuesday",4.2,Chennai
Dr. Manoj Joshi,Physical Therapist,"Tuesday, Wednesday",5,Kakinada
Dr. Shreya Singh,Neuro-Ophthalmologist,"Monday,Tuesday",3,Davanagere
Dr. Ajay Mishra,Gynecologist,"Tuesday, Wednesday",3.4,Kozhikode
Dr. Tanvi Chawla,Travel Medicine Specialist,"Wednesday, Thursday",3.1,Maheshtala
Dr. Arjun Kumar,OB-GYN,"Friday, Tuesday",5,Rajpur Sonarpur
Dr. Preeti Sharma,Optometrist,"Tuesday, Thursday",5,Rajahmundry
Dr. Vivek Sharma,Hand & Microsurgery Specialist,"Wednesday, Friday",4.3,Bokaro Steel City
Dr. Ritu Jain,Pediatric Sports Medicine Specialist,"Monday,Tuesday",3.3,South Dumdum
Dr. Aditya Mehra,Psychotherapist,"Tuesday, Wednesday",3.2,Bellary
Dr. Meera Patel,Infectious Disease Specialist,"Wednesday, Thursday",4.9,Patiala
Dr. Rohan Verma,Physical Therapist,"Monday, Thursday",3.6,Gopalpur
Dr. Nandini Choudhary,Oncologist,"Tuesday, Thursday",4.4,Agartala
Dr. Akash Kumar,Prosthodontist,"Friday, Tuesday",5,Muzaffarnagar
Dr. Ananya Singh,Pediatric Nurse Practitioner,"Thursday, Friday",3,Latur
Dr. Sahil Gupta,Pediatric / Strabismus Eye Doctor,"Tuesday, Thursday",4.3,Hyderabad
Dr. Priyanka Mehra,Physical Therapist,"Wednesday, Friday",4.6,Pune
Dr. Ankit Sharma,Sports Medicine Specialist,"Monday,Tuesday",3.7,Ahmedabad
Dr. Kritika Kapoor,Optometrist,"Tuesday, Wednesday",3.4,Jaipur
Dr. Mohan Singh,Emergency Medicine Physician,"Monday, Wednesday",3.6,Surat
Dr. Anushka Chatterjee,Psychotherapist,"Tuesday, Thursday",4.3,Surat
Dr. Sameer Kumar,Orthopedic Surgeon,"Tuesday, Thursday",4.6,Lucknow
Dr. Riya Khanna,Physical Therapist,"Friday, Tuesday",3.1,Kanpur
Dr. Vikrant Singh,Psychotherapist,"Thursday, Friday",4,Nagpur
Dr. Sneha Mehra,Physical Therapist,"Tuesday, Thursday",4.2,Visakhapatnam
Dr. Arjun Gupta,Nuclear Medicine Specialist,"Wednesday, Friday",3.9,Indore
Dr. Natasha Kapoor,Geriatrician,"Monday,Tuesday",4.7,Thane
Dr. Ravi Sharma,Allergist,"Tuesday, Wednesday",3.8,Bhopal
Dr. Aditi Reddy,Emergency Medicine Physician,"Monday,Tuesday",4.1,Ujjain
Dr. Deepak Patel,Oncologist,"Tuesday, Wednesday",3.2,Siliguri
Dr. Shruti Gupta,Travel Medicine Specialist,"Wednesday, Thursday",4,Jhansi
Dr. Karan Singh,Oncologist,"Friday, Tuesday",4.2,Durg-Bhilai Nagar
Dr. Naina Sharma,Vascular Surgeon,"Thursday, Friday",4.7,Tirupur
Dr. Rajat Verma,Optometrist,"Tuesday, Thursday",3.2,Guntur
Dr. Ishita Singh,Urological Surgeon,"Monday, Wednesday",4.7,Gorakhpur
Dr. Akshay Khurana,Emergency Medicine Physician,"Tuesday, Thursday",3.7,Saharanpur
Dr. Ayesha Choudhary,Reproductive Endocrinologist,"Wednesday, Friday",3.9,Bhatpara
Dr. Rohit Mehra,Periodontist,"Monday,Tuesday",5,Bhilwara
Dr. Swati Bansal,Neurosurgeon,"Tuesday, Wednesday",4.9,Kakinada
Dr. Vikas Reddy,Emergency Medicine Physician,"Wednesday, Thursday",3.2,Davanagere
Dr. Anjali Malhotra,Psychotherapist,"Wednesday, Friday",3.7,Kozhikode
Dr. Abhishek Kumar,Infectious Disease Specialist,"Monday,Tuesday",3.8,Maheshtala
Dr. Priya Khanna,Periodontist,"Monday,Tuesday",3.5,Delhi
Dr. Surya Gupta,Pediatric Otolaryngologist,"Tuesday, Wednesday",4.6,Bangalore
Dr. Ritu Patel,Neurosurgeon,"Wednesday, Thursday",4.8,Kolkata
Dr. Aniket Singh,Neuro-Otologist,"Friday, Tuesday",3.7,Chennai
Dr. Neha Kapoor,Orthopedic Surgeon,"Monday,Tuesday",3.7,Hyderabad
Dr. Rohan Sharma,Psychotherapist,"Tuesday, Wednesday",4.9,Pune
Dr. Tanvi Joshi,Oncologist,"Monday, Thursday",4.1,Ahmedabad
Dr. Aditya Verma,Prosthodontist,"Tuesday, Thursday",3.1,Jaipur
Dr. Pooja Khurana,Emergency Medicine Physician,"Friday, Tuesday",4.1,Surat
Dr. Ankit Gupta,Optometrist,"Tuesday, Thursday",4.1,Lucknow
Dr. Shweta Singh,Foot & Ankle Specialist,"Wednesday, Friday",4.4,Kanpur
Dr. Abhinav Sharma,Travel Medicine Specialist,"Monday,Tuesday",3.8,Nagpur
Dr. Natasha Mehra,Oncologist,"Tuesday, Wednesday",4.9,Visakhapatnam
Dr. Yash Singh,Allergist,"Monday, Wednesday",3.8,Indore
Dr. Nisha Verma,Pediatric Sports Medicine Specialist,"Tuesday, Thursday",3.7,Thane
Dr. Arvind Khanna,Oncologist,"Monday, Thursday",3.5,Bhopal
Dr. Priyanka Singh,Psychotherapist,"Tuesday, Thursday",4,Patna
Dr. Rohit Choudhary,Nuclear Medicine Specialist,"Monday, Friday",3.2,Vadodara
Dr. Kritika Khanna,Adult Psychiatric & Mental Health Nurse Practitioner,"Monday, Wednesday",4.9,Ghaziabad
Dr. Mohit Sharma,Physical Therapist,"Tuesday, Thursday",3.2,Ludhiana
Dr. Anjali Bansal,Physical Therapist,"Monday,Tuesday",3.9,Agra
Dr. Ravi Verma,Physical Therapist,"Monday,Tuesday",3.7,Nashik
Dr. Ananya Khurana,Physical Therapist,"Tuesday, Wednesday",4.7,Faridabad
Dr. Sameer Verma,Nutritionist,"Wednesday, Thursday",4.7,Meerut
Dr. Shivani Gupta,Psychotherapist,"Friday, Tuesday",4.5,Mumbai
Dr. Akash Choudhary,Gynecologist,"Monday,Tuesday",3.9,Delhi
Dr. Anushka Mehra,Gynecologist,"Friday, Tuesday",4.6,Bangalore
Dr. Rahul Kapoor,Psychotherapist,"Thursday, Friday",4,Kolkata
Dr. Sneha Sharma,Reproductive Endocrinologist,"Tuesday, Thursday",4.9,Chennai
Dr. Rohan Khanna,Physical Therapist,"Wednesday, Friday",3.1,Hyderabad
Dr. Tanvi Gupta,Physical Therapist,"Monday,Tuesday",4.6,Pune
Dr. Aman Singh,Orthopedic Surgeon,"Tuesday, Wednesday",3.7,Ahmedabad
Dr. Neha Khurana,Orthopedic Surgeon,"Monday,Tuesday",3.4,Surat
Dr. Karan Mehra,Psychotherapist,"Tuesday, Wednesday",3,Jaipur
Dr. Pooja Verma,Retina Specialist (Medical),"Wednesday, Thursday",3.3,Amritsar
Dr. Vikram Sharma,Travel Medicine Specialist,"Friday, Tuesday",4.3,Navi Mumbai
Dr. Riya Singh,Orthopedic Surgeon,"Thursday, Friday",3.4,Allahabad
Dr. Aditya Khanna,Prosthodontist,"Tuesday, Thursday",3.7,Ranchi
Dr. Nandini Verma,Orthopedic Surgeon,"Monday, Wednesday",4,Howrah
Dr. Arjun Choudhary,Optometrist,"Tuesday, Thursday",3.1,Jabalpur
Dr. Swati Khurana,Pediatric Cardiologist,"Wednesday, Friday",4.4,Gwalior
Dr. Ankit Mehra,Reproductive Endocrinologist,"Monday,Tuesday",3.3,Vijayawada
Dr. Priya Verma,Psychotherapist,"Tuesday, Wednesday",4.9,Jodhpur
Dr. Rohit Kumar,Pediatric Nurse Practitioner,"Wednesday, Thursday",3.3,Raipur
Dr. Meera Khanna,Psychotherapist,"Thursday, Friday",4.8,Kota
Dr. Sahil Verma,Emergency Medicine Physician,"Wednesday, Friday",3.6,Guwahati
Dr. Sneha Singh,Foot & Ankle Specialist,"Monday,Tuesday",3.3,Chandigarh
Dr. Anuj Sharma,Urological Surgeon,"Tuesday, Wednesday",3.8,Solapur
Dr. Ritu Khanna,Emergency Medicine Physician,"Wednesday, Thursday",4.2,Hubballi-Dharwad
Dr. Aarti Singh,Orthopedic Surgeon,"Friday, Tuesday",3.9,Bareilly
Dr. Vivek Khurana,Psychotherapist,"Thursday, Friday",3.8,Moradabad
Dr. Kavita Sharma,Oncologist,"Tuesday, Thursday",4.9,Mysore
Dr. Rahul Mehta,Physical Therapist,"Wednesday, Friday",3.1,Gurgaon
Dr. Nisha Choudhary,Nuclear Medicine Specialist,"Monday,Tuesday",4.9,Aligarh
Dr. Karan Kapoor,Infectious Disease Specialist,"Tuesday, Wednesday",4.5,Jalandhar
Dr. Priya Sharma,Emergency Medicine Physician,"Monday, Wednesday",3.6,Tiruchirappalli
Dr. Rohit Patel,Pediatric / Strabismus Eye Doctor,"Tuesday, Thursday",3.3,Bhubaneswar
Dr. Sneha Verma,Psychotherapist,"Monday,Tuesday",4.7,Salem
Dr. Vikram Singhania,Geriatrician,"Monday,Tuesday",3.6,Jamnagar
Dr. Anjali Reddy,Psychotherapist,"Tuesday, Wednesday",4.1,Ujjain
Dr. Arjun Gupta,Neuro-Otologist,"Wednesday, Thursday",3.6,Siliguri
Dr. Preeti Khanna,Psychotherapist,"Friday, Tuesday",3.3,Jhansi
Dr. Rajesh Sharma,Emergency Medicine Physician,"Monday,Tuesday",3.2,Durg-Bhilai Nagar
Dr. Neha Desai,Adult Psychiatric & Mental Health Nurse Practitioner,"Tuesday, Wednesday",3,Tirupur
Dr. Siddharth Patel,Prosthodontist,"Monday, Thursday",3.5,Guntur
Dr. Aarti Gupta,Orthopedic Surgeon,"Tuesday, Thursday",3.3,Gorakhpur
Dr. Aniket Malhotra,Geriatrician,"Friday, Tuesday",4.1,Saharanpur
Dr. Shreya Joshi,Foot & Ankle Specialist,"Thursday, Friday",3.3,Bhatpara
Dr. Aditya Singh,Optometrist,"Wednesday, Friday",4.5,Bhilwara
Dr. Tanvi Mehra,Prosthodontist,"Monday,Tuesday",4.6,Kakinada
Dr. Rohan Bansal,Prosthodontist,"Tuesday, Wednesday",4.5,Davanagere
Dr. Meera Chawla,Geriatrician,"Wednesday, Thursday",5,Kozhikode
Dr. Vivek Khanna,Psychotherapist,"Tuesday, Wednesday",4,Maheshtala
Dr. Ritu Kapoor,Optometrist,"Wednesday, Thursday",3.3,Rajpur Sonarpur
Dr. Akash Verma,Psychotherapist,"Monday, Wednesday",3.3,Rajahmundry
Dr. Nandini Sharma,Gynecologist,"Tuesday, Thursday",5,Bokaro Steel City
Dr. Anuj Mehra,Orthopedic Surgeon,"Monday, Thursday",3.1,South Dumdum
Dr. Kritika Choudhary,Orthopedic Surgeon,"Tuesday, Thursday",4.3,Bellary
Dr. Mohan Kumar,Oncologist,"Monday, Friday",3.2,Patiala
Dr. Anushka Singh,Neurosurgeon,"Monday, Wednesday",4,Gopalpur
Dr. Sameer Khurana,Emergency Medicine Physician,"Tuesday, Thursday",3.9,Bangalore
Dr. Riya Gupta,Pediatric / Strabismus Eye Doctor,"Wednesday, Friday",4.3,Kolkata
Dr. Vikrant Mehra,Vascular Surgeon,"Monday,Tuesday",3.7,Chennai
Dr. Sneha Kumar,Neuro-Ophthalmologist,"Tuesday, Wednesday",4.1,Hyderabad
Dr. Arjun Khanna,Emergency Medicine Physician,"Wednesday, Friday",3.1,Pune
Dr. Natasha Chatterjee,Oncologist,"Monday,Tuesday",3.4,Ahmedabad
Dr. Ravi Sharma,Pediatric Sports Medicine Specialist,"Tuesday, Wednesday",3.3,Surat
Dr. Aditi Patel,Adult Psychiatric & Mental Health Nurse Practitioner,"Wednesday, Thursday",4.3,Jaipur
Dr. Deepak Singh,Physical Therapist,"Monday, Thursday",3.1,Lucknow
Dr. Shruti Mehra,Psychotherapist,"Tuesday, Thursday",3.7,Kanpur
Dr. Karan Chawla,Optometrist,"Friday, Tuesday",3.6,Nagpur
Dr. Naina Patel,Gynecologist,"Thursday, Friday",3.3,Visakhapatnam
Dr. Rajat Kapoor,Sports Medicine Specialist,"Tuesday, Thursday",4.2,Indore
Dr. Ishita Singh,Prosthodontist,"Wednesday, Friday",4.8,Nagpur
Dr. Akshay Gupta,Geriatrician,"Monday,Tuesday",3.8,Visakhapatnam
Dr. Ayesha Reddy,Physical Therapist,"Tuesday, Wednesday",3.4,Indore
Dr. Rohit Verma,Emergency Medicine Physician,"Monday, Wednesday",4.1,Thane
Dr. Swati Bansal,Oncologist,"Tuesday, Thursday",4.4,Bhopal
Dr. Vikas Singh,Neurosurgeon,"Monday, Thursday",4.1,Ujjain
Dr. Anjali Malhotra,Adult Psychiatric & Mental Health Nurse Practitioner,"Tuesday, Thursday",4.5,Siliguri
Dr. Abhishek Kumar,Gynecologist,"Friday, Tuesday",4.4,Jhansi
Dr. Priya Khanna,Oncologist,"Thursday, Friday",3.2,Durg-Bhilai Nagar
Dr. Surya Gupta,Emergency Medicine Physician,"Wednesday, Friday",3.3,Tirupur
Dr. Ritu Patel,Foot & Ankle Specialist,"Monday,Tuesday",3,Guntur
Dr. Aniket Singh,Psychotherapist,"Tuesday, Wednesday",4.7,Gorakhpur
Dr. Neha Kapoor,Prosthodontist,"Wednesday, Thursday",3.4,Saharanpur
Dr. Rohan Sharma,Orthopedic Surgeon,"Friday, Tuesday",3.3,Bhatpara
Dr. Tanvi Joshi,Oncologist,"Thursday, Friday",4.4,Bhilwara
Dr. Aditya Verma,Psychotherapist,"Tuesday, Thursday",4.3,Kakinada
Dr. Pooja Khurana,Oncologist,"Wednesday, Friday",3.3,Davanagere
Dr. Ankit Gupta,Oncologist,"Monday,Tuesday",5,Varanasi
Dr. Shweta Singh,Physical Therapist,"Tuesday, Wednesday",4.9,Bhubaneswar
Dr. Abhinav Sharma,Emergency Medicine Physician,"Monday,Tuesday",4,Jabalpur
Dr. Natasha Mehra,Neuro-Otologist,"Tuesday, Wednesday",3.3,Jodhpur
Dr. Yash Singh,Psychotherapist,"Wednesday, Thursday",4.3,Mumbai
Dr. Nisha Verma,Orthopedic Surgeon,"Friday, Tuesday",3.9,Delhi
Dr. Arvind Khanna,Reproductive Endocrinologist,"Monday,Tuesday",4.2,Bangalore
Dr. Priyanka Singh,Physical Therapist,"Tuesday, Wednesday",4.9,Kolkata
Dr. Rohit Choudhary,Psychotherapist,"Monday, Thursday",3.6,Chennai
Dr. Kritika Khanna,Geriatrician,"Tuesday, Thursday",4.6,Hyderabad
Dr. Mohit Sharma,Pediatric / Strabismus Eye Doctor,"Friday, Tuesday",3.1,Pune
Dr. Anjali Bansal,Emergency Medicine Physician,"Thursday, Friday",3.5,Vadodara
Dr. Ravi Verma,Orthopedic Surgeon,"Tuesday, Thursday",4.8,Ghaziabad
Dr. Ananya Khurana,Physical Therapist,"Monday, Thursday",3.8,Ludhiana
Dr. Sameer Verma,Neuro-Ophthalmologist,"Tuesday, Thursday",4,Agra
Dr. Shivani Gupta,Physical Therapist,"Friday, Tuesday",3.1,Nashik
Dr. Akash Choudhary,Optometrist,"Thursday, Friday",5,Faridabad
Dr. Anushka Mehra,Optometrist,"Wednesday, Friday",3.6,Meerut
Dr. Rahul Kapoor,Oncologist,"Monday,Tuesday",4.9,Mumbai
Dr. Sneha Sharma,Adult Psychiatric & Mental Health Nurse Practitioner,"Tuesday, Wednesday",3.1,Delhi
Dr. Rohan Khanna,Nutritionist,"Wednesday, Thursday",3.6,Bangalore
Dr. Tanvi Gupta,Oncologist,"Friday, Tuesday",4.3,Kolkata
Dr. Aman Singh,Emergency Medicine Physician,"Monday,Tuesday",4.8,Gopalpur
Dr. Neha Khurana,Emergency Medicine Physician,"Tuesday, Wednesday",3.8,Agartala
Dr. Karan Mehra,Geriatrician,"Tuesday, Wednesday",4.6,Muzaffarnagar
Dr. Pooja Verma,Psychotherapist,"Monday, Wednesday",4.4,Latur
Dr. Vikram Sharma,Emergency Medicine Physician,"Tuesday, Thursday",5,Hyderabad
Dr. Riya Singh,Retina Specialist (Medical),"Tuesday, Thursday",4.2,Pune
Dr. Aditya Khanna,Physical Therapist,"Friday, Tuesday",4.3,Ahmedabad
Dr. Nandini Verma,Psychotherapist,"Thursday, Friday",3.1,Jaipur
Dr. Arjun Choudhary,Oncologist,"Tuesday, Thursday",3.4,Surat
Dr. Swati Khurana,Reproductive Endocrinologist,"Wednesday, Friday",3.2,Lucknow
Dr. Ankit Mehra,Geriatrician,"Monday,Tuesday",3.3,Kanpur
Dr. Priya Verma,Infectious Disease Specialist,"Tuesday, Wednesday",4.3,Ahmedabad
Dr. Rohit Kumar,Psychotherapist,"Monday,Tuesday",4.1,Surat
Dr. Meera Khanna,Urological Surgeon,"Tuesday, Wednesday",3,Jaipur
Dr. Sahil Verma,Gynecologist,"Wednesday, Thursday",4.7,Lucknow
Dr. Sneha Singh,Neuro-Ophthalmologist,"Friday, Tuesday",3.4,Patna
Dr. Anuj Sharma,Adult Psychiatric & Mental Health Nurse Practitioner,"Thursday, Friday",3.9,Vadodara
Dr. Ritu Khanna,Psychotherapist,"Tuesday, Thursday",4.5,Ghaziabad
Dr. Aarti Singh,Pediatric / Strabismus Eye Doctor,"Monday, Wednesday",3.7,Ludhiana
Dr. Vivek Khurana,Retina Specialist (Medical),"Tuesday, Thursday",4.1,Agra
Dr. Kavita Sharma,Emergency Medicine Physician,"Wednesday, Friday",3.2,Nashik
Dr. Arvind Khatri,Geriatrician,"Wednesday, Friday",3.7,Faridabad
Dr. Priyanka Das,Psychotherapist,"Monday,Tuesday",3,Meerut
Dr. Rohan Joshi,Oncologist,"Tuesday, Wednesday",5,Mumbai
Dr. Neha Bhatia,Emergency Medicine Physician,"Wednesday, Thursday",3.5,Ambala
Dr. Karthik Menon,Psychotherapist,"Monday, Thursday",4,Maheshtala
Dr. Ananya Iyer,Pediatric / Strabismus Eye Doctor,"Tuesday, Thursday",3.1,Rajpur Sonarpur
Dr. Vikram Shah,Geriatrician,"Friday, Tuesday",3.1,Rajahmundry
Dr. Sneha Rao,Neuro-Otologist,"Thursday, Friday",4.7,Bokaro Steel City
Dr. Rahul Varma,Nuclear Medicine Specialist,"Tuesday, Thursday",4.2,South Dumdum
Dr. Nisha Krishnan,Emergency Medicine Physician,"Wednesday, Friday",4.2,Bellary
Dr. Aditya Dubey,Physical Therapist,"Monday,Tuesday",4.6,Patiala
Dr. Shreya Sharma,Oncologist,"Tuesday, Wednesday",4.4,Gopalpur
Dr. Akash Pillai,Oncologist,"Monday, Wednesday",3.7,Bangalore
Dr. Pooja Singhania,Emergency Medicine Physician,"Tuesday, Thursday",3.8,Visakhapatnam
Dr. Rohit Verma,Neuro-Ophthalmologist,"Monday, Thursday",4.7,Indore
Dr. Anjali Nair,Physical Therapist,"Tuesday, Thursday",4.5,Thane
Dr. Arjun Kapoor,Oncologist,"Friday, Tuesday",3.9,Bhopal
Dr. Tanvi Mehta,Foot & Ankle Specialist,"Thursday, Friday",3.3,Ujjain
Dr. Rajesh Rao,Geriatrician,"Wednesday, Friday",3.8,Siliguri
Dr. Nandini Reddy,Psychotherapist,"Monday,Tuesday",3.1,Jhansi
Dr. Aman Mathur,Adult Psychiatric & Mental Health Nurse Practitioner,"Tuesday, Wednesday",4.6,Durg-Bhilai Nagar
Dr. Swati Sinha,Reproductive Endocrinologist,"Wednesday, Thursday",4.7,Tirupur
Dr. Vikrant Malhotra,Physical Therapist,"Friday, Tuesday",4.7,Guntur
Dr. Riya Mehra,Prosthodontist,"Thursday, Friday",5,Gorakhpur
Dr. Ankit Desai,Oncologist,"Tuesday, Thursday",3.4,Saharanpur
Dr. Kritika Rao,Oncologist,"Wednesday, Friday",4.9,Bhatpara
Dr. Mohit Sharma,Nuclear Medicine Specialist,"Monday,Tuesday",4.4,Bhilwara
Dr. Anjali Patel,Psychotherapist,"Tuesday, Wednesday",4.3,Kakinada
Dr. Sameer Rastogi,Orthopedic Surgeon,"Monday, Wednesday",4.3,Davanagere
Dr. Ritu Singh,Urological Surgeon,"Tuesday, Thursday",3.6,Kozhikode
Dr. Abhishek Gupta,Emergency Medicine Physician,"Tuesday, Wednesday",4.5,Maheshtala
Dr. Natasha Kapoor,Orthopedic Surgeon,"Wednesday, Thursday",4.1,Varanasi
Dr. Rohan Chawla,Gynecologist,"Friday, Tuesday",4.2,Bhubaneswar
Dr. Sneha Sharma,Psychotherapist,"Thursday, Friday",3.7,Jabalpur
Dr. Arjun Verma,Oncologist,"Tuesday, Thursday",4.7,Jodhpur
Dr. Priya Mehra,Oncologist,"Wednesday, Friday",3.6,Mumbai
Dr. Vivek Sharma,Neuro-Ophthalmologist,"Monday,Tuesday",3.3,Delhi
Dr. Shweta Gupta,Oncologist,"Tuesday, Wednesday",3,Bangalore
Dr. Aditya Jain,Urological Surgeon,"Monday, Wednesday",4.7,Kolkata
Dr. Neha Chopra,Neuro-Ophthalmologist,"Tuesday, Thursday",4.7,Chennai
Dr. Karan Thakur,Psychotherapist,"Monday, Thursday",5,Hyderabad
Dr. Pooja Kapoor,Emergency Medicine Physician,"Tuesday, Thursday",3.7,Pune
Dr. Vikas Singh,Emergency Medicine Physician,"Monday, Friday",3.1,Ahmedabad
Dr. Ananya Rao,Reproductive Endocrinologist,"Monday, Wednesday",3.6,Lucknow
Dr. Rohit Patel,Psychotherapist,"Tuesday, Thursday",3.6,Durg-Bhilai Nagar
Dr. Tanvi Mehra,Emergency Medicine Physician,"Wednesday, Friday",3,Tirupur
Dr. Aryan Gupta,Emergency Medicine Physician,"Monday,Tuesday",3.5,Guntur
Dr. Nisha Sharma,Psychotherapist,"Friday, Tuesday",4.4,Gorakhpur
Dr. Ankit Malhotra,Geriatrician,"Thursday, Friday",4.9,Saharanpur
Dr. Priyanka Singh,Emergency Medicine Physician,"Tuesday, Thursday",4.3,Bhatpara
Dr. Sahil Reddy,Emergency Medicine Physician,"Wednesday, Friday",4.2,Bhilwara
Dr. Ritu Khanna,Prosthodontist,"Monday,Tuesday",3.3,Kakinada
Dr. Akash Singh,Physical Therapist,"Tuesday, Wednesday",4.6,Davanagere
Dr. Meera Patel,Neuro-Ophthalmologist,"Monday,Tuesday",5,Varanasi
Dr. Rahul Verma,Gynecologist,"Tuesday, Wednesday",3.7,Bhubaneswar
Dr. Swati Sharma,Physical Therapist,"Wednesday, Thursday",3.4,Jabalpur
Dr. Arjun Khatri,Geriatrician,"Friday, Tuesday",4.8,Jodhpur
Dr. Sneha Kapoor,Psychotherapist,"Thursday, Friday",4,Mumbai
Dr. Rohan Kumar,Oncologist,"Tuesday, Thursday",4.3,Delhi
Dr. Neha Desai,Physical Therapist,"Monday, Wednesday",3.9,Bangalore
Dr. Karthik Iyer,Physical Therapist,"Monday, Friday",4.7,Kolkata
Dr. Preeti Sharma,Sports Medicine Specialist,"Monday, Wednesday",3,Pune
Dr. Vikram Reddy,Emergency Medicine Physician,"Tuesday, Thursday",4.3,Ahmedabad
Dr. Anjali Nair,Pediatric / Strabismus Eye Doctor,"Wednesday, Friday",5,Jaipur
Dr. Aditya Bhatia,Psychotherapist,"Monday,Tuesday",4.1,Chandigarh
Dr. Tanvi Patel,Psychotherapist,"Tuesday, Wednesday",4.7,Gurgaon
Dr. Rajesh Menon,Oncologist,"Tuesday, Thursday",4.1,Noida
Dr. Nandini Rao,Emergency Medicine Physician,"Wednesday, Friday",3.6,Kochi
Dr. Aman Sharma,Physical Therapist,"Monday,Tuesday",4.9,Lucknow
Dr. Shreya Sinha,Psychotherapist,"Tuesday, Wednesday",3.3,Indore
Dr. Abhishek Malhotra,Oncologist,"Tuesday, Thursday",3.2,Bhopal
Dr. Natasha Mehra,Oncologist,"Monday, Thursday",4.6,Coimbatore
Dr. Rohit Chauhan,Physical Therapist,"Tuesday, Thursday",4.8,Thiruvananthapuram
Dr. Ananya Gupta,Psychotherapist,"Friday, Tuesday",3.1,Nagpur
Dr. Priya Verma,Neuro-Otologist,"Thursday, Friday",3.9,Vadodara
Dr. Vivek Kapoor,Neuro-Otologist,"Wednesday, Friday",4.8,Agartala
Dr. Shweta Singh,Geriatrician,"Monday,Tuesday",5,Aizawl
Dr. Akash Khatri,Oncologist,"Tuesday, Wednesday",4.8,Imphal
Dr. Ritu Kumar,Oncologist,"Wednesday, Thursday",4.1,Shillong
Dr. Arjun Sharma,Oncologist,"Friday, Tuesday",3.6,Kohima
Dr. Sneha Khanna,Emergency Medicine Physician,"Monday,Tuesday",4.4,Dimapur
Dr. Rohan Gupta,Oncologist,"Wednesday, Friday",4.8,Gangtok
Dr. Neha Mehra,Emergency Medicine Physician,"Monday,Tuesday",4.4,Itanagar
Dr. Karan Singhania,Physical Therapist,"Monday,Tuesday",3.3,Port Blair
Dr. Pooja Desai,Oncologist,"Tuesday, Wednesday",3.7,Leh
Dr. Vikas Verma,Oncologist,"Wednesday, Thursday",4.8,Tirupur
Dr. Anjali Joshi,Pediatric / Strabismus Eye Doctor,"Friday, Tuesday",4.7,Guntur
Dr. Aditya Rao,Oncologist,"Monday,Tuesday",4.8,Gorakhpur
Dr. Tanvi Mehra,Emergency Medicine Physician,"Tuesday, Wednesday",3.8,Saharanpur
Dr. Rahul Kapoor,Orthopedic Surgeon,"Monday, Thursday",4.7,Bhatpara
Dr. Nisha Sinha,Psychotherapist,"Tuesday, Thursday",4.2,Bhilwara
Dr. Ankit Gupta,Neuro-Ophthalmologist,"Friday, Tuesday",3.1,Kakinada
Dr. Sahil Malhotra,Gynecologist,"Thursday, Friday",3.4,Davanagere
Dr. Riya Khanna,Emergency Medicine Physician,"Monday,Tuesday",4.3,Kozhikode
Dr. Arvind Sharma,Pediatric / Strabismus Eye Doctor,"Tuesday, Wednesday",4.6,Maheshtala
Dr. Swati Patel,Oncologist,"Monday, Wednesday",5,Varanasi
Dr. Akash Reddy,Psychotherapist,"Tuesday, Thursday",3.1,Bhubaneswar
Dr. Meera Singh,Oncologist,"Monday, Thursday",4.9,Jabalpur
Dr. Rohit Varma,Emergency Medicine Physician,"Tuesday, Thursday",3.7,Jodhpur
Dr. Neha Khatri,Oncologist,"Monday, Friday",4.1,Kanpur
Dr. Karthik Gupta,Oncologist,"Monday, Wednesday",4.8,Nagpur
Dr. Preeti Sharma,Emergency Medicine Physician,"Tuesday, Thursday",4.9,Visakhapatnam
Dr. Vikram Kapoor,Geriatrician,"Wednesday, Friday",4.4,Indore
Dr. Siddharth Rao,Pediatric / Strabismus Eye Doctor,"Monday,Tuesday",3.4,Nagpur
Dr. Kavita Sharma,Oncologist,"Tuesday, Wednesday",3.2,Visakhapatnam
Dr. Arjun Menon,Gynecologist,"Tuesday, Wednesday",4.6,Indore
Dr. Nandini Iyer,Psychotherapist,"Wednesday, Thursday",5,Thane
Dr. KrittikaAggarwal,Emergency Medicine Physician,"Monday, Thursday",3.8,Bhopal
Dr. Ramanuj Bansal,Psychotherapist,"Tuesday, Thursday",3.9,Ujjain
Dr. AshishGopal,Reproductive Endocrinologist,"Friday, Tuesday",5,Visakhapatnam
Dr. VikramWadhwa,Reproductive Endocrinologist,"Thursday, Friday",4.4,Indore
Dr. Atul Mohan Kochhar,Emergency Medicine Physician,"Tuesday, Thursday",4.8,Thane
Dr. Lekshmi P. Kumar,Psychotherapist,"Wednesday, Friday",4.5,Bhopal
Dr. P.N. Pandey,Psychotherapist,"Monday,Tuesday",3.8,Patna
Dr. Chandra Shekhar,Oncologist,"Tuesday, Wednesday",3.9,Vadodara
Dr. Amit Kr. Sharma,Emergency Medicine Physician,"Monday, Wednesday",4.5,Ghaziabad
Dr. Ankit SanjayKr. Shan,Geriatrician,"Tuesday, Thursday",3.1,Ludhiana
Dr. Viresh Kumar,Psychotherapist,"Monday, Thursday",4.4,Agra
Dr. Manju Chugh,Psychotherapist,"Tuesday, Thursday",4.8,Nashik
Dr. Shujauddin,Psychotherapist,"Friday, Tuesday",4.4,Ahmedabad
Dr. Vivek Sachan,Oncologist,"Thursday, Friday",4.5,Jaipur
Dr. Aisha Khan,Oncologist,"Wednesday, Friday",4.1,Chandigarh
Dr. Rajiv Patel,Oncologist,"Monday,Tuesday",4.7,Gurgaon
Dr. Priyanka Banerjee,Gynecologist,"Tuesday, Wednesday",4.2,Noida
Dr. Siddharth Gupta,Psychotherapist,"Wednesday, Thursday",4.9,Kochi
